temperature_C,vibration-index_red,vibration-index_green,vibration-index_blue,fill_level_grams_red,fill_level_grams_green,fill_level_grams_blue,final_weight_grams
24.973571396558444,0.052857206883111,145.57437099735455,-3.570579204187723,0.0,379.5071204028986,0.0,14.62776901174147
26.78528960209386,2.041930867016731,154.4177641744294,0.9870824143911888,0.0,364.1714960867072,0.0,15.33562431619144
24.402891759022825,-2.081501278416958,152.16181944144358,-2.5546654711742747,0.0,348.93861513142184,0.0,15.23288095528532
23.979034566491634,-0.6573431083926806,146.52275299110934,-2.2847684758100115,0.0,333.9272680143491,0.0,15.01134711707272
24.50645879280441,1.2021921366692752,147.8832700615748,0.6523022837741053,0.0,318.9855138048163,0.0,14.941754209532789
23.55881075352572,-1.9418683288036287,149.13084824466577,-4.700034968263893,0.0,303.72843037504924,0.0,15.257083429767096
26.04075063920848,-1.4129570977141055,150.41733701904684,0.1421656595230445,0.0,288.5038317083034,0.0,15.224598666745887
26.277332735587137,0.5203856984271411,148.1553502167928,-3.474230849880918,0.0,273.46256317809434,0.0,15.041268530209043
24.211148517876275,1.971955333890726,143.74484841666333,-0.8570593268131574,0.0,259.0945717488547,0.0,14.367991429239645
25.32867155419634,-0.0487980095539981,142.40571746457488,-0.2647659857574425,0.0,244.8297379607937,0.0,14.264833788061042
26.14238423790501,-0.879514607803543,147.85436538364408,-3.2343508597540094,0.0,230.2482241258849,800.0,14.581513834908764
25.96054091977305,-2.887939618517848,146.20523870736002,199.696349663179,0.0,215.2093098748888,779.8152135689414,15.038914250996122
24.39890393166536,-4.288984188741544,148.04301240638563,198.6993428435024,0.0,200.30786133224905,759.5790334928769,35.08623497369828
24.673848858112947,1.4310547752394172,146.7284159832213,195.3182778840473,0.0,185.66481218496588,739.6637009940874,34.879229223347686
24.969672232364506,-3.163112895932777,145.83513518607822,195.75421420009468,0.0,170.7723544213758,719.8125565597919,34.807790262379534
25.97093416440181,0.158992161160242,147.00783050775365,199.98052256741485,0.0,155.91260075770822,699.3024035250627,34.71089809796314
27.350017484131943,-1.3914603900615674,147.075513359696,198.7227720862424,0.0,140.85843426237295,679.219722228767,35.564319530064445
25.960671950564965,3.149654685600304,146.96355690724235,193.03805207522677,0.0,126.18662343726731,659.6283425173386,34.75449212140136
25.706478548857053,1.910399673944568,150.39578378679082,203.082701482307,0.0,111.02905221064256,638.9121748632655,34.74895093805314
24.92891717023848,-2.5529985085414357,155.05291945421106,197.1151164436023,0.0,95.55702347066324,618.8494885858349,36.18819639405244
25.19306524493525,-0.3350458946213379,155.59556662723634,201.62139622056569,0.0,80.43486464809367,598.4171713974795,35.18484510000012
24.73980715078643,4.033743353126702,146.6811726107924,196.7673222693612,0.0,65.64240637330006,578.3297917153328,35.22477546314903
26.73711542494046,-4.261293813854195,153.012441478153,191.97058038820865,0.0,50.52259867153632,558.3953027912384,35.207187383910394
25.445011134703577,1.7427328354605152,145.22279213938216,194.1609264469988,0.0,35.98831470594354,538.417664809549,34.46877288968729
24.01402233305464,1.248063262285818,154.17569637262275,195.13355455718695,0.0,20.659296039738763,518.3702226163019,35.306656647894044
25.42852966340658,0.2148253668197739,154.31619174619,203.6196638156627,0.0,5.711119845709133,498.0206534240965,34.99561838727668
24.319796508494424,-2.434338837190253,-1.7040164516506309,197.38201639899415,0.0,0.0,478.1556328658771,20.3495691922055
25.024399004777,-3.620331994466312,0.7095832391414092,200.6440542286832,0.0,0.0,458.0624520569463,19.865020558219324
25.13238299287872,-2.274633247619988,-1.7724036920163115,201.99898182230808,0.0,0.0,437.9659042309409,20.093180808930803
24.509235863115787,2.35912338381204,-2.875618670589432,198.6379341693492,0.0,0.0,418.063849662398,20.0965478260054
25.43975730390177,1.479678878280275,3.3712792646890506,190.53815252332632,0.0,0.0,398.6753242831326,19.90205456854289
24.617175429877005,-0.0161664439619499,2.5468433960089243,202.57974652923423,0.0,0.0,378.3435112382,19.388525379265392
23.404765922407066,1.3720300155013303,-2.064626715085033,199.25848021316293,0.0,0.0,358.34966431710217,20.331813044932662
26.443969809258924,0.4291738343989664,-1.802028136655906,199.872502304438,0.0,0.0,337.9949623158836,19.99384692109777
24.12621928978092,-1.783484100964607,0.3887300826919784,198.89647696494595,0.0,0.0,318.0905477678587,20.35470200121861
26.55392862661339,-1.3834242830781776,2.539940668270241,199.33221557064235,0.0,0.0,297.8893266753383,19.90441454802485
27.14449209437077,-1.2253430332438526,1.9792669633470297,197.00725542477045,0.0,0.0,278.06120241005124,20.201221092520424
24.932281374839253,-0.206748422076167,-2.4735243894058243,195.71387240912105,0.0,0.0,258.19191172264584,19.828124265287045
24.98496685667518,-0.7744149561290712,0.1452035591187979,193.7712274514465,0.0,0.0,238.34591228365997,19.869290687405407
24.28447261238029,-2.7391470284821158,0.7066443454362101,206.67551998973883,0.0,0.0,217.8165434562901,19.84599943898591
25.06836429943837,-2.181050903629746,-0.0493214380814279,200.1312315906681,800.0,0.0,197.62025557245528,20.52936882736984
24.386875714342715,89.43527963926579,1.1314636911852531,199.512653428342,790.413558402043,0.0,177.44030628171086,20.19628788383484
26.58155644796639,92.39190486039962,-1.4713320788373707,202.39486021662495,780.6730825681648,0.0,157.37759326077833,20.179949290744407
24.579083680030905,95.67717559655344,0.5247592681093138,202.6645710086767,770.6072441757185,0.0,137.20197887785628,29.64915461888951
26.117790338857876,98.11616384992256,-1.390167767106533,198.4150279480436,760.6456030226767,0.0,117.26271313646038,29.916090216800303
24.92050391941988,103.06762570279592,-0.8671368560416752,196.816358545774,749.759075104601,0.0,97.2216470997684,30.005104133842188
25.812247881125824,93.35566958218584,0.8238548000083767,203.3180859192668,739.9496196283038,0.0,77.2010077528257,30.00270718973379
25.405071562566874,92.92057274563956,-0.018368331373729,200.4134744471198,729.8772963904557,0.0,57.06845514617356,30.907167265018323
25.695730195030784,97.3931551802722,0.5824450694920245,199.2514199560463,719.6680411864853,0.0,36.97240008248068,29.94200808294941
24.35397113278548,90.94859212583492,0.9363547023858771,197.69445222474693,709.9453931816754,0.0,17.277322312807673,30.16837830154093
26.380929711172392,96.15231225275096,-1.5970737985066776,-0.052838464850609,700.0033843769122,0.0,0.0,29.904332973643385
23.425172657199848,94.41225361667097,-0.0805568663458942,1.6389607230185703,689.7845300254857,0.0,0.0,9.722648004809871
24.78880166323513,98.250351486572,-2.588984645745306,-1.01360902027254,679.8148934877821,0.0,0.0,9.942008804763187
24.56180911331385,90.18489653815898,-1.1144874198319172,2.8838370544526413,670.5637920770979,0.0,0.0,10.218854351426588
24.04480016302772,95.3332908554526,1.7949000831199768,0.4651294160123314,660.7549055806392,0.0,0.0,9.969636537703511
25.442207092054076,97.70838731220984,-0.5525967671954604,-2.909339675270971,650.5281507698406,0.0,0.0,9.251101410684177
25.31239160920184,89.05887479786945,-0.5133360726941945,-0.3031716020594999,640.8775886172322,0.0,0.0,9.808886496458712
26.27649925427072,101.68536446383472,0.1043934214030102,-0.3434748674225645,630.5640804946626,0.0,0.0,10.226754810798518
25.208749443886877,94.10872268910542,0.2777750100040492,-0.8569113303210258,620.5581171071973,0.0,0.0,9.650562152608437
24.59479141411428,100.40688468476591,-1.6522069294120456,5.61493673142806,610.4843508199148,0.0,0.0,10.313508122569564
25.16752294731067,95.49950412780836,-3.6856750131545226,0.6879707344778012,600.7692636981957,0.0,0.0,10.005963387465316
24.85484490300062,99.25718711327376,1.181478282348884,-2.888700505460584,590.4288066681843,0.0,0.0,10.073766287282504
22.611923637609557,92.34102152645453,-3.720307452118078,-0.0144211299103673,580.9235170392305,0.0,0.0,9.715087121719048
22.98312832343665,93.68432780209255,-0.4702541614557987,-0.117812139789919,571.060486460106,0.0,0.0,10.340457030011438
25.607412796764308,81.00941041733215,1.1894036879005654,-2.836104933120524,562.2938908806887,0.0,0.0,9.50528962895379
25.457599052638532,99.9742477488138,0.0658357785035477,-1.3249550285301197,552.1764729743629,0.0,0.0,9.863030579124546
27.130646906927097,97.9804828191917,-1.3532243260019428,2.1711969286858164,542.161566708475,0.0,0.0,8.766595579417258
27.291166169390124,95.32247531128822,-3.3496500525626445,1.7424780476145614,532.3206624140274,0.0,0.0,10.11741790632574
23.96651127306341,98.0811027561412,-1.1386924433043148,0.5848094145124847,522.2145488688968,0.0,0.0,10.014906265887904
24.128633582269742,99.6940150830499,-2.650661442364168,1.6630755958610948,512.0886495645495,0.0,0.0,9.840904294447563
26.461682522923077,95.7096720530941,-3.85964071119097,3.695750937324668,502.3799445914876,800.0,0.0,10.106113545130626
24.970052971507958,90.06034063210255,142.16891600031937,1.6839657230351648,493.07587075596086,785.1593760721918,0.0,24.96652323215545
24.37596836885709,92.6720125827166,152.78122583758778,3.028776355098586,483.11035022578136,769.6547406066554,0.0,25.21334043859824
26.374508131100992,103.58674608904212,138.61575160908745,2.827058325889176,472.6839779977117,755.2731067494325,0.0,23.685707692749656
24.50559690461316,92.19511877328746,142.97399081604306,1.4135735301413987,463.3262536922674,740.6084554706025,0.0,24.630171809009543
24.892587316590117,104.20436149186644,152.6590744999881,0.6642700066964835,453.0445630127047,725.1555524579188,0.0,25.87927524075333
23.692962419635915,101.28835308079532,145.2192212162643,3.996178305891583,442.7821137915974,710.3004527415935,0.0,24.212824021769546
22.568507297438867,101.25039985868504,143.0030690273581,2.0842738835132266,432.6136961085765,695.9197084502227,0.0,24.6624349709335
26.217169418595127,95.1545082565865,142.5008774716003,1.0450598714978128,422.7820408603068,681.2349270822099,0.0,24.947230589120156
24.43870550943484,95.61532324383826,148.55967604611467,-3.113757087779746,413.09585708446735,666.0924492761551,0.0,25.31089548907565
25.852008225825315,97.73667165953552,156.30633843596462,1.220113957058402,403.5495410452616,650.7512595974841,0.0,25.17284492694068
26.81016599723316,95.579934697408,146.03114351195197,-2.0749047290815383,393.7977259919589,636.0823914820782,0.0,24.355051891245424
23.99872080017004,101.95544877595832,145.5672066642318,2.140331234906945,383.5240169957133,621.27627404841,0.0,24.35243347287394
24.645208380429292,97.2163828035641,148.46914777555352,1.7254510783832302,373.4949383621545,606.2836182365535,0.0,24.7444708651591
26.137316623809998,96.47848970744758,149.3797785780848,0.0636011319327778,363.4110792183421,591.2471782699313,0.0,25.31014896286784
23.38833345829561,101.67887914083128,140.3211517067901,0.4664206044799925,353.2088084365965,576.6481517028484,0.0,24.628105200641627
25.88620184600816,94.35404249802028,148.30841432161003,3.1655788929328708,343.6884344007833,561.7141783538282,0.0,25.017832492832667
23.82043830809398,95.24360057880456,147.25549130692715,1.5705340734802675,333.7616456240504,546.5028680566166,0.0,25.41358107895715
24.14614613388387,104.6338426987872,149.2935820603551,1.36517647732326,323.470420007833,531.1879343952851,0.0,24.83530769714475
26.43780933529472,100.67241345585892,147.62403507028375,3.3504284505955297,313.51619586281294,516.0278421222092,0.0,25.08688104980874
24.260160560859862,98.09202029598956,154.95432107913672,1.094704387661494,303.33809054248496,500.5718297826966,0.0,25.74723795573
25.67686232395597,92.4065089916672,148.45440440595078,-3.5290138273228,293.7361587808046,485.6220709691853,0.0,24.903982958531447
23.314360367655475,94.08024090048072,146.9678582225617,0.3970398130977131,284.4281346271436,470.8669820698777,0.0,24.933194219635645
25.00808322198097,96.6624585228266,142.07063194662172,-1.6929028908511228,274.6092754377071,456.46727517600175,0.0,24.00163865555628
24.423333181950703,102.99714162319584,147.62247666768778,1.0868029245284987,264.685901853575,441.68007636773854,0.0,24.09522296192424
23.726578301995534,103.21794335033692,153.15061049000627,2.0288751450381426,254.8091937455716,426.2420478819033,0.0,25.25688767527174
24.31398499224933,91.70632248714188,143.9160628646149,0.2984089497409385,245.3714602044621,411.3870578763813,0.0,24.778363589654177
24.444120338114622,100.14388331635682,145.6113549199707,-2.587734865673305,235.39991394927387,396.52996754869474,0.0,24.733798435689927
26.03231335754252,102.26328016430782,150.1010145391679,-3.007296679433772,225.3669512659777,381.5147100965992,0.0,24.452990993205027
24.78541308280052,98.70075682295668,152.71135017693663,3.415638692744139,215.2552695406996,366.50303026556594,0.0,24.9832260862215
25.99227144808433,102.90428864757163,154.77750912931566,-1.948868844931276,204.9001075916223,350.8440603700899,800.0,25.691932578772203
25.901014068327957,103.83763641857288,152.40610733641327,199.99504681021884,194.52426246312496,335.76312508188096,780.0142786546011,25.192617013487077
25.891742050482303,100.61416078479516,154.82598733235048,194.41546260327485,184.50209555578877,320.32900727920446,760.1852500927042,45.77500109715276
24.278607888231623,101.25962375373383,148.4322051545219,199.357840411882,174.52768656101034,305.87267996087616,739.9929855945013,44.66120100872241
24.80563495865401,100.03882351615246,149.12426455815208,191.8216193038192,164.40957524937303,290.9493299386207,720.473331051862,45.13778142779458
25.69171214153909,104.82652165473009,150.76147111819273,187.38852618111224,154.13240394371465,275.72565339575243,701.1383324231304,44.71774008028595
25.5952743605926,105.54412236717936,150.91239125919256,196.07347222898483,143.74161207598286,260.7300020108233,680.9353519986404,44.44876132529818
23.73002966586488,99.51407109658372,148.34735051773393,192.27144574284665,133.7519835330152,245.7593594055111,661.0655496375871,45.45079433546054
25.612671516621926,93.18258689062424,146.74194885852572,198.50454715875637,124.1520411475793,231.00193681310876,640.8446975331321,45.01801682118743
24.94184060802488,96.09095344400272,150.48653860714634,193.5614834247855,114.49417793400202,215.9773498011314,620.9381817438908,45.23506765939997
24.010366518326485,94.2594962561774,144.53384394964388,196.2766525605414,104.83982426095366,201.2818635210791,600.9089346559178,44.20194445472957
25.103374211038084,101.73666526058553,149.24513877440842,208.05018620900077,94.63022611327548,186.49948125326844,580.0997012783786,44.46949256936088
25.844037453159896,96.53199300603806,148.66594394097203,200.44923986386155,85.1528835211207,171.3852144856428,559.6051018123353,45.57785381821324
26.236762194702912,99.2932562538956,146.80536092941705,197.66972739004763,74.94195642368214,156.50923799273036,539.5183153544145,45.58017410663388
25.387207478064536,99.61230935523425,150.99496725763092,196.23071233177603,65.06462998570939,141.45073642435747,519.7479637481357,44.622630618448426
26.748518688497143,96.43900799767074,150.69803461368227,200.267590716052,55.72974067815388,126.315223441287,499.59797870987086,45.11679168678785
24.9273982204406,100.12002687913272,149.45607570995904,203.4600591058631,45.54792996289572,111.22948281435217,479.2346251151215,45.11305210317246
26.369573514241058,104.36329713503204,146.73379470120895,204.60180585478577,35.013076901472864,96.6952642819444,458.5776704670922,44.23246143471265
23.764542783339035,105.22794777782237,151.12592248884224,198.3416135240842,24.532155628555707,81.96647996717313,438.65930292912367,45.567549678058725
24.64667782728189,100.51439571419986,149.07888987131744,200.19363770242865,14.390272649643588,67.2530174802717,418.4726704584528,45.16668308629282
24.090525451814877,94.22039516898086,152.26930458572298,202.8276368466771,4.669236567013261,52.278104399697895,398.26339374243247,45.64246682416184
25.421772984908998,1.3757930467249295,147.34449534390365,200.4094517609067,0.0,37.50185683431821,378.0869660027144,45.12740726031213
25.024660719040718,-0.6470145268962142,148.64455395046542,198.60288168480471,0.0,22.60481089604869,358.1215221452055,44.79450976061795
26.238534274146858,99.57355877170907,145.7680555403416,199.96509286672529,790.0071151992515,785.2256494040238,779.9062013313936,44.861034065331154
25.699818973846774,94.40951771185952,140.822844666741,204.0361015883322,780.164893697048,770.3673551877869,759.3849984584284,45.221718591405605
24.434268154407373,91.22432228151833,143.90821464406218,195.68156535522544,770.5058026518204,755.5398414783763,739.6430566653942,44.2285465476724
25.554744032771104,93.24683264286844,150.03063442503415,200.7374980956548,761.0044576160562,740.4159334423508,719.451637778025,44.81667195915893
23.722691013198254,93.92415839384915,141.6620899668296,196.0427210478568,751.2587813960005,725.8445692994092,699.6507856565037,44.117892484518805
25.735666039418685,92.8502644431412,146.12500318393623,198.9607765538046,741.7049560344013,711.0059998825565,679.6317056225971,44.41147481235839
25.564086053515386,102.04384448774324,146.2464971735127,199.92540663951087,731.4844865848394,696.1567096226865,659.7672160011833,44.93424933084563
24.20278146307724,90.52742265727608,147.44067155357862,201.3657851955448,721.7275631485828,681.0521914004736,639.5644580757612,45.06419958389161
24.737620365945343,96.87098440087958,145.97014837484684,195.0786872074152,712.0112980996615,666.0844333289526,619.8524446627252,44.39603653347817
23.84850983269114,104.52339435943448,144.3105066017674,195.75800740258663,701.7079565899927,651.1382065791915,599.8030734343105,45.29893948784469
25.195657950116598,99.66111670653952,145.595982789502,196.5442454653987,691.7891222563275,636.218571332188,579.7492769571094,44.892266057869904
25.695083883553263,96.32166260840562,143.13234716102147,196.34160573063232,681.9603291332311,621.9137724452589,560.1329590558755,43.74990991125944
26.02442905121864,97.28824542666916,152.37334994703463,197.7370009994052,671.7958616437639,606.2689389175916,540.14732821846,45.79493185454996
26.55409679282344,92.49667216117284,149.925510113773,204.50929979491613,662.0002868490174,591.246155371276,519.6069208215062,45.35876573801608
25.43356842802084,98.7974322900088,147.29294217982593,194.6431139639816,651.7578869586534,576.4764809679639,499.7148282080397,44.904166907142496
25.51956854132269,100.90237981118796,148.8293013745136,198.6459118996722,641.35109551418,561.1875132049805,479.5985297441936,45.812057671302895
23.25115125569807,96.62806115137792,143.65694348223664,194.544524751649,631.2964458287935,546.6935079711061,459.8057794534003,44.34140521005417
24.58807259999581,94.95730698219607,150.75987423532413,204.5677151854137,621.3295509705475,531.7020084294289,439.3926542217285,45.37151963159495
27.076636575444265,98.8112799783568,151.48333085001894,198.3457760154871,611.3352296154791,516.549126246331,419.124949871021,45.414907888873785
25.313354671835384,103.20748367872385,145.5380429115468,198.64757848301144,600.9331160738468,502.0281412075109,399.1652310523461,44.882817399127205
25.009184165686865,95.72676431766187,153.7334342160082,198.33035386386496,590.8769386008047,486.616837423104,379.11427434412593,45.51843796566921
25.55052832674961,97.57039144968616,143.6020405534807,201.30263917190183,581.0238536921183,472.0580623106464,358.93261808226174,44.59351628300819
25.762134340235097,99.8765037128784,146.3697362254989,193.8486827863792,570.8450942964034,457.41624160531376,339.3230656419026,44.43013254140668
24.708777465253988,101.6141348939311,151.7054736863247,194.5608373542853,560.9031439667997,441.9357732810205,319.69347121753094,45.05201307826856
26.36408047817771,97.81137849763064,141.96182321926818,197.1340786599253,550.7935130783857,427.2923571158347,299.70840225367226,44.73811601745849
24.58496943020953,97.0350379824596,151.79914707973597,191.3248339104668,540.9248490039176,411.9070322200442,280.2210824259428,44.74130879798794
24.53182264880706,95.60162781771028,146.04394814075647,193.12016474486188,531.0794003807171,396.61092405550494,260.6669007268233,44.69573848685943
24.88387943649817,98.23822918520034,154.46847302612727,193.66374680490355,521.0602736309181,381.3822095636451,241.1838066422941,44.73093532618791
25.026419232425305,95.65359995772462,151.4558795329298,201.73553061593455,511.29794606816967,365.98776344531626,220.915966387522,45.42461393584941
25.79853689925334,98.39122360868704,144.08467425687246,197.50651805832408,501.2643814536676,351.30313133926074,201.3116888251189,44.32247428296069
27.16368362373374,95.46550025678192,154.60742964899413,204.78878883829915,491.4305834286482,336.0163321464632,181.28998492644695,45.14230111648875
24.180519638490715,97.54632402303896,152.3660691975489,199.20818519837468,481.5185664180766,320.87653869159146,161.29429912013447,45.04749627175584
25.040278433172947,101.38524085625836,154.40916425461214,195.06873261011015,471.2969971621344,305.14670805820856,141.3144102602792,45.93128874918041
24.023469711512107,94.26663218009872,149.9434633759742,200.44833827973065,461.8545985272029,290.26821839364595,121.4416915304811,44.19360702929219
25.50680451013627,99.8193693549738,152.8814073284644,195.52451902482665,451.9044536850204,275.0371357394409,101.57468728012633,45.04823174674232
26.294492322872653,97.09011122241712,144.257985714598,204.48855956661524,442.0454081864632,260.2544957090848,81.59019071534283,44.62618209369676
24.48664930414865,97.1569943655592,152.12506038248833,202.48096067153884,432.2041315186357,245.16687138141947,61.61633426941204,44.90275744142363
23.55808147277368,97.91729278371888,153.34682046328518,200.34831876180303,422.09963229062856,229.858298755135,41.65855526587052,45.37085085783311
25.55724370991596,101.6186809524762,153.8660318339977,195.8588296969436,412.14638552473656,214.37351171625363,21.857945838044945,45.23864323259892
24.725899790615664,100.67484342719496,151.780456623109,203.62568115399137,401.763001491661,199.1947303887648,1.7162772413245868,45.703833957284665
24.767435291993834,94.82351302727892,147.67919125930223,-0.5535807169035252,391.918952981478,184.254664384078,0.0,24.784114514869906
24.10254995844001,91.64690049789236,150.81651172531608,0.8935159040937393,382.4672075105385,169.20526594797448,0.0,24.50114390704295
25.653260020963064,99.62614147531662,146.29823644713272,3.0413213950311477,372.4673751260636,154.3119757696142,0.0,24.8931225628352
26.454669837635485,101.05095097908723,148.60721557035257,2.1161359021704627,362.1558034830537,139.6059107701308,0.0,25.01763664249325
25.27629838359773,94.81611436869238,150.64157311836252,-1.5290688538537438,352.7111096604536,124.47002500392809,0.0,24.58057958880292
27.12117939256437,97.44429606564955,145.93820936131215,-2.058554325645261,342.8027369452733,109.69872171752648,0.0,24.679676001581747
25.15158580102975,106.04241724273204,147.69300629886914,1.7781479815734258,332.1669580134627,94.93712612112252,0.0,25.397374528214627
25.256668036347097,94.6598521889564,150.7773762179486,0.6818672244473944,322.57681856866145,80.04509802293671,0.0,24.48216754298704
24.1484481796938,96.77646900303348,154.79480824588225,2.119241705351506,312.87013132114544,64.94015235622159,0.0,24.811632914231133
25.17173743371128,98.9817498993756,146.0287486087702,2.0013060882052613,302.8932929705049,50.548142233150536,0.0,24.36884847371163
24.94780328929849,95.95500195993831,147.45663579733514,-0.8954158497358975,293.45408328890505,35.939615728727304,0.0,24.047736186023076
26.42406030000588,96.33031722602284,159.97539742024833,-1.435624977388862,283.4446829064967,20.33303371120221,0.0,25.615982399933404
25.428455665160516,103.25289589308647,146.0171222541702,0.2081789612510363,273.28818306550784,5.827866410187225,0.0,24.6616671420039
24.861112494997972,100.0940832335321,-2.7888219326165853,0.0309082949307111,263.26935388900534,0.0,0.0,10.01882917650249
23.63917821697977,102.81651599110056,-1.7795173241984514,0.2442985992353925,253.16661177605437,0.0,0.0,10.102742112950995
22.19253163428597,100.92109286932444,2.748035557357269,2.2948746701051164,243.1282210779936,0.0,0.0,10.038390698060732
25.826103464706023,102.51463497717,-1.4933074811835425,0.3039271949481161,232.9741590537843,0.0,0.0,10.15406202420931
24.32376038544557,97.85780749120372,0.1855673933266999,2.0807583907903293,222.89096250111592,0.0,0.0,10.083196552668376
24.6560146327611,102.1060478580154,4.802795245602319,3.6423892087303287,212.59017288594708,0.0,0.0,10.300789615168853
26.84283750657726,102.12940279681492,2.902425028399989,-1.3519961075001774,202.58016845372956,0.0,0.0,10.010004432217553
25.59761957674985,104.25661696808346,-3.297062929050888,-0.140231340557662,192.12734199075769,0.0,0.0,10.45282646297184
26.44435025273029,102.24185028358708,1.8803064130907856,-1.846381656049516,182.25852210120385,0.0,0.0,9.86881988955383
24.40926085882556,103.8440047460702,1.6288410196614933,3.5964981893831407,171.94824965875168,0.0,0.0,10.310272442452163
24.90362858894361,102.70401910516308,2.7545154750815115,3.123312786171475,161.66680785040944,0.0,0.0,10.281441808342246
25.007210564955184,102.89369420031798,1.9715854988595825,199.88924077688048,151.80878766388443,0.0,779.9141474438534,29.94387274267158
26.86015372605904,101.11077251919548,0.8628666811785806,202.0485762504454,141.9086947799306,0.0,759.3305415184741,30.48369880933307
26.045337778426187,99.21096710185648,1.0981986812264353,195.79917053509257,131.85556150488776,0.0,739.2380745752566,30.14560021826034
25.05890606989496,101.8195492382298,-0.2224009231639101,198.1767057588752,122.1616054520222,0.0,719.2402507188252,29.69177990929699
25.2351270807279,101.0605117669078,1.7431778201029502,201.07260109803408,112.19337603219056,0.0,699.0407165502522,30.167763588404597
26.92253796121849,102.55379847331214,4.202174255174626,205.3292379264523,102.11378725266778,0.0,678.3092966849541,30.81100864482086
26.418052466560265,99.76589918393329,0.3020176257146474,195.43920066220755,92.05199124163592,0.0,658.626567104234,29.744525591751948
24.40529815604972,93.16002401628998,1.8326416674991748,197.83843766220093,82.3274657804798,0.0,638.4153457422242,29.935746823165918
24.219524474785896,102.74849214204544,-2.5136804637227783,196.35484520871927,72.5942897403414,0.0,618.2826759357424,29.8658458466202
25.66247751426506,99.25555064462958,-1.077268344579906,192.736325630166,62.82647902785364,0.0,598.5817876846348,29.468698963595376
24.967082110748223,97.36411576409309,2.27358770355044,198.89399951736928,53.09153426811898,0.0,578.5173910353419,29.799341409027527
24.72888600307248,96.4582409425334,1.0042364975959115,193.68456726001403,43.42607914455549,0.0,558.9075346637247,29.27531149518071
23.91440153565709,95.9995907245652,1.487284595032257,198.84918125462696,33.509815313859136,0.0,538.8051915483137,30.018606946107354
25.67661216300097,99.6242483114478,-0.6798183392139663,195.19615202328796,23.321615979814712,0.0,519.1797093808889,29.813681501469265
25.21248216055865,106.38742874912928,-0.5119560211925247,202.1805940795812,13.06570370125251,0.0,499.1500149085953,30.28560675085576
24.12876097619272,100.23009483012184,2.75952818960652,197.9646700684453,2.906776007186293,0.0,479.2411183388007,30.06782426386084
26.67482502628132,-0.2940172531977296,1.6281832970199446,201.522731983128,0.0,0.0,459.1749221107255,20.066196228075228
25.184479975410284,0.3658817207325597,0.4653685307510287,191.9002224595004,0.0,0.0,439.7344901681717,19.44043194255373
24.70759529274376,-0.8299892798245523,-0.5003105384548903,198.77881129942287,0.0,0.0,419.74972679169775,19.98476337647393
25.56934622165216,-0.2614459846891037,3.266206242589533,203.29591535332804,0.0,0.0,399.7032276489583,20.046499142739464
24.50226735630003,-0.811071043824839,2.0775156253085925,203.6473000679556,0.0,0.0,379.46341963422,20.23980801473831
24.168462202069453,2.351526969507105,1.344368575777651,202.40409985437375,0.0,0.0,358.9530474148792,20.51037221934084
26.325330721182084,3.487615012302477,-0.3708478566475435,192.5883399004332,0.0,0.0,339.4227651270998,19.530282287779357
24.43273897728384,-0.1233583185122739,-0.2864535559049699,200.414292125951,0.0,0.0,319.28409697871024,20.138668148389584
23.152124531337662,-0.0140901878739256,-0.4227878060788086,202.08746499682408,0.0,0.0,299.03952715641486,20.24456982229539
24.929820355595485,-0.5774763377882834,1.181040861515655,197.7446454428325,0.0,0.0,279.02266325500625,20.01686390140864
25.257509184692545,1.8485423948970805,-2.269771336559401,199.32915450031416,0.0,800.0,259.1449720265739,19.87769122843234
24.158017138482418,2.28211606736577,144.92633292927746,199.77613014640545,0.0,785.1485563573692,239.058257903424,34.93815776578067
26.15576319870072,-0.8376820944950225,143.63021172263757,193.60622275471985,0.0,770.411981822613,219.396627725718,34.3982047124622
27.283820483974843,0.913710005392943,150.64228989256753,202.7178266694504,0.0,755.1297108735762,199.45700841359252,35.22189026116233
23.485611822450707,2.8058285552380937,143.4239265660499,200.19673690534813,0.0,740.358059857989,179.2099360399045,35.018723389275195
24.208427557371078,0.995854829028154,147.67621421995776,205.3716645238333,0.0,725.4965436345824,158.60150954515407,35.46994271815704
24.156778150832864,1.8503332100006205,142.28248286380835,206.47751829662255,0.0,710.7611553581544,138.24794345674553,35.08895436483654
23.58647083705541,0.1325900971207119,147.2983605965437,199.10826965870945,0.0,695.8808250460884,118.276437015213,34.85183675359858
25.712110714697246,4.115244540972689,141.55390490424097,198.68531705362972,0.0,681.4909440431875,98.48942988283298,34.176888135280905
24.532746506346893,5.048769004594064,142.0661691536367,203.4347792284723,0.0,666.7769771927914,78.41159486184365,34.79180187138539
24.2932132349293,-0.005103144784968,149.45662688146246,199.43094718623044,0.0,651.8703025626737,58.78087602937204,34.537393462589314
24.98473984745213,2.9219729086525064,154.58907175842631,196.82139077801136,0.0,636.3649137956153,38.89042191670836,35.39584287972209
23.17366124434881,2.058001486227397,144.90236075340275,198.7206406794957,0.0,621.7019529698458,19.104144323983945,34.44923841849388
24.66786499665176,1.0290959462296456,148.47704320489916,0.9261371643826236,0.0,606.8301093763614,0.0,14.871843593484371
24.12208893227961,-1.0837713101786974,148.14535617239406,-0.7485698454586043,0.0,591.6963739401752,0.0,15.133735436186164
24.56111428065982,-0.3779982487225339,152.74676089214444,2.9494328473830507,0.0,576.3152508053329,0.0,15.381123134842316
23.00191084705421,0.7165908233491578,150.2245450856557,1.818039052378424,0.0,561.3698258892592,0.0,14.94542491607362
24.890136841640288,0.3461739067688612,143.49123663003655,3.868990347482296,0.0,546.5076324965496,0.0,14.862193392709656
24.135354245490465,4.636701345598546,146.70070730737166,2.250875889824883,0.0,532.1008483790617,0.0,14.406784117487804
23.957863058243387,1.6176202974220717,145.79372592393707,1.17628904940306,0.0,517.1411550922702,0.0,14.959693286791511
23.66238767204911,4.430109394628616,144.45842653235303,2.3861838070541594,0.0,502.4409412277621,0.0,14.700213864508106
25.524067010904577,0.1255978733905252,146.0383694017141,1.235998612018733,0.0,487.26428037408914,0.0,15.176660853672963
24.477470064251094,0.7258459162676374,147.98692945374103,1.1653463599164766,0.0,472.2200206012881,0.0,15.044259772801013
25.470380786558614,2.800483622419307,152.79451196125012,2.887488894315524,0.0,457.3397112588141,0.0,14.88030934247402
24.59051761456679,2.046459741950855,151.64049844215583,1.9594366038353,0.0,441.9880468251259,0.0,15.351664433688242
26.556878543889876,-0.1471111270295111,146.2358102459575,-0.3277553268999824,0.0,427.1838155853846,0.0,14.80423123974126
24.76731988402615,-0.442529896348411,145.7142657760516,3.1398826606324306,0.0,412.6982988517556,0.0,14.485516733628952
22.854370513647744,2.180431609851162,147.499133946886,1.7828127770036062,0.0,398.03427295016616,0.0,14.66402590158949
24.3899430214708,1.5153054992353887,148.90355353540025,-1.7194631738032626,0.0,382.7778609376214,0.0,15.256412012544732
21.92590102637877,1.8397900560778029,145.65063444700652,2.617035665578179,0.0,368.396915908784,0.0,14.380945028837411
24.98461360282943,96.83360798896074,149.8669993611728,-0.6047235284180488,790.2642013730718,353.2251606421528,0.0,24.907553893559488
26.03745236454077,97.33899407922422,152.2308178857077,1.4952555252179138,780.2046236613068,337.9526199461848,0.0,25.332118407732978
23.73856284234885,98.0265611086574,153.14889305608614,1.954630209381314,770.0164619909461,322.7792809143719,0.0,25.361500702173608
24.43201055075951,99.89436838525732,150.40673365176232,-0.1243223123441623,760.1463723494184,307.5894432136056,0.0,25.05992734229404
23.929834382546527,107.34244012706556,148.71005739592772,0.6979798642829422,749.2908967811685,292.8508418412076,0.0,25.59407694064785
24.693793151104103,99.9968876834219,149.10807401368993,1.289099331371972,738.938721012318,277.6644924741748,0.0,25.53852513588332
25.603464420106537,93.85855980743794,150.33695098764818,0.6010186401581805,729.5347374199529,262.6720130090575,0.0,24.396463057482443
24.137274460808385,102.37213406120772,152.76835915114222,5.499637006500059,719.2649019651998,247.23816356580528,0.0,25.703684898005317
24.21299612591404,95.57794104625206,150.80972278294922,1.8448965717662704,709.124659943011,231.92078857666132,0.0,25.45761701133276
26.27152316729269,98.20302758542228,154.87466518695342,1.604397450677709,699.0128813001962,216.68944008469003,0.0,25.34312713478605
24.96819943403361,93.120957146901,154.36795963019298,0.5930568750843932,689.3171987825184,201.42613427439,0.0,24.958988327977863
24.01419259839404,93.60860059817468,145.66314924584074,2.421931573599764,679.249168970742,186.68480808364075,0.0,24.80935600252569
24.288892317220864,94.83018882541604,148.25039358535653,3.0323264116070447,669.9029791022492,171.84600804453413,0.0,24.18498990759941
24.766789697760004,102.10416222228952,153.08927691239464,0.7106394734252106,659.3642400900475,156.97873496756648,0.0,25.40601208916943
26.392936602762006,92.32531850654576,154.0042217946971,5.32597463035156,649.7401562434678,141.83374001810932,0.0,24.769078796036855
24.56562784405376,94.37971657158992,147.0554185556416,1.429552640267204,640.0773806301502,127.05054455516512,0.0,24.4459710762618
23.417210553533565,94.47643349208842,149.29865340148623,1.3567136394626758,630.4134402632743,112.38785180173984,0.0,24.3266331203012
24.11137413841141,96.67047646847962,146.65947882044335,-0.0340661911538688,620.3693303960569,97.64383394939296,0.0,24.78812771956433
26.177739480202064,103.95337411396852,146.69639009135057,-1.517175469919806,610.0687832203163,82.77926221779262,0.0,25.16511890734092
24.214732963259863,95.21042300990472,150.02861763010088,-0.80677697512008,600.3192316487352,67.37066664353205,0.0,25.158147145841625
26.062548662452627,92.50389594440716,149.46447946795385,-0.6941906626937069,590.5597342245195,52.471180383162185,0.0,24.658983684585564
23.33053068167384,103.603008232103,148.62598471156826,1.3887969070137416,580.3639711463092,37.713435086178,0.0,24.953508375194573
24.31741176133837,98.90940504019493,153.86256012762473,-1.0522165833888693,570.3617847741318,22.555898249149266,0.0,25.15972320920609
25.59990744049212,102.10197013533408,153.4812938697671,1.851604131607246,559.8935918627265,7.326203774297445,0.0,25.697887386257207
23.651123507514004,91.89722939048345,-0.6662934948857853,1.2950903407444372,550.5382477937537,0.0,0.0,9.35534406897269
23.324785774702235,99.46271703155404,0.9960722312232732,2.029092441908155,540.4999242414563,0.0,0.0,10.038323552297523
25.698374224931804,99.2071489093468,2.293536572072675,-5.328892717768625,530.6601342043241,0.0,800.0,9.839790037132104
26.086171227289,99.92474592558786,1.0550749356367248,197.9985930817548,520.5253950322796,0.0,779.8480713959827,30.28666777606176
24.452647806169253,97.51068983548616,-2.7257444622252507,198.5022811028722,510.706999894564,0.0,759.623814937841,30.042651595857407
23.5514715835379,103.71644100575018,-1.7418243767803645,200.53434958802512,500.5378067202898,0.0,739.7229095723009,30.070098539814214
26.072063915616205,101.63190464930308,3.853690064361359,200.2619789915929,490.3978239876251,0.0,719.6345352959025,30.22835700906304
26.7645069136614,105.95695521640368,1.019504724036075,196.4477527873316,480.1225010801697,0.0,699.8480390337664,30.06181916959155
24.30753668715839,99.02738827151757,2.502117630542351,200.4592063222173,469.89098594570345,0.0,679.4921277589723,30.58742640926038
23.788929981496885,102.1806229742341,-1.5055899053959152,195.28680100266695,459.5882539248569,0.0,659.5747975658851,30.22006221393377
24.801480093451143,94.09777040240866,-1.8765570251001973,193.60883087920192,449.7592963074568,0.0,639.6322498930658,29.771505290219324
24.11434793008269,102.54803261051345,0.9695141187858808,193.5732656787204,439.30136155007926,0.0,619.9369887054764,30.153195944966964
25.076543497175127,101.52637484329206,2.438766758139593,200.9531987639575,429.3220338622496,0.0,599.7857241499813,30.130592243324813
25.84645144542556,99.5860957308182,1.7841524511098186,203.44728255619847,419.3926726864257,0.0,579.6220502255877,30.09303510021756
24.82205030812872,97.26080429599644,-1.1564572667952504,203.0472884463723,409.0134500643865,0.0,559.468833994823,30.532438852803963
22.456582354428694,103.97218721656718,1.8805779853579525,207.74162668083812,398.8086262897338,0.0,538.8851616437893,30.78849612568638
24.45659853773575,103.95042663255995,-0.5357679626841758,194.9361466841108,388.37838052753824,0.0,519.2969673525629,30.018440053422
24.020555516552854,107.90049577506235,-0.6658295046170153,191.22323651588167,377.785340774135,0.0,499.94118788814393,29.94881921782215
22.137545880484492,104.92474997418162,1.6447534011991252,205.33072176263676,367.255341379051,0.0,479.5300486154892,30.94113866773875
23.98556242748093,100.9138116770094,0.6678261018579335,203.42167782513312,357.2703024235935,0.0,459.105247172003,30.409840398943707
24.54923206446812,105.01529998376334,1.640062063452227,196.42100591024305,346.9019384868167,0.0,439.37884681996456,30.09476428881524
25.72207781146542,102.63570706080236,2.686087050613864,195.89403303668715,336.47091476047416,0.0,419.84314902342186,29.96672152288521
24.85079552512953,90.36576732594074,-1.62241071505818,198.305881486022,327.0658205450106,0.0,400.1555672374204,29.09267600146508
26.288450950611924,95.01012097414092,3.9784992932383143,196.32899283018497,317.0515296953764,0.0,380.6234416628992,29.546416424155417
24.19728983288952,98.01820212070696,1.8220115819346037,197.2805257431658,307.1754516362331,0.0,361.0234459725482,29.47607374949421
26.29386743283665,98.23661232871868,2.2920137257279265,197.3894199952152,296.9874639451283,0.0,341.04993981558687,30.16149384806616
25.48844925957569,97.18371447242214,2.777475577110444,196.97250448478607,287.28498055462427,0.0,321.5047390864316,29.247684119659315
23.46975595616199,98.20331936977614,2.3127647264607774,199.0918057820249,277.56386701025235,0.0,301.67490925764366,29.550943373159853
26.50364833971689,103.17506487412994,2.0810659759553545,200.7993248897649,267.44946558135587,0.0,281.8041227585704,29.9851879279698
24.071993215652167,98.05581592844392,145.56709439719523,203.98548581366853,257.74038662491193,785.4070477454417,261.52340258218595,44.582751387386686
25.669892041060454,102.91729381952386,148.41478995964354,194.1358290293549,247.620555869086,770.3660673689012,241.98269490436445,44.70151881018793
23.29218065362793,103.15846525383606,147.41344255483773,203.48773465439916,237.4392173924268,755.596419918661,221.8796068016112,45.05407402965268
22.78646649103416,101.89793445978574,145.6526679457137,198.6554074443015,227.31642100824828,740.7286469699544,201.85290709845015,45.01726903604617
24.811415152621557,103.68233050266652,147.14454489402942,204.63064914059328,217.43581093579053,725.7216569216099,181.29498652860408,45.44552069064838
23.97443442246564,99.36594753019412,148.06399455843467,192.68423781072497,207.5183046269444,710.3980614476628,161.8772054973787,44.65888281401861
25.028984761797123,102.82195747495103,149.88551231923097,195.40504235945545,197.36301756252368,695.0841458831403,142.44867520467696,44.8977329216449
24.474096777042263,96.8315059611297,150.52108510426257,199.22651527657757,187.8101793707638,680.0132595127399,122.33870650087658,44.733693265960746
22.981047625248927,102.89791275141776,152.82461485752995,201.73550712563275,177.61531253842742,664.6028432952501,102.17959260895644,45.76439694174629
23.36221496013346,97.56592093351756,153.62024066945577,195.5093791379303,167.77462100366262,649.3660761804989,82.79698120473992,44.46007005373243
24.3424989053942,105.98766376947415,147.65062864506905,200.5748989110476,157.52693075206545,634.4840672774492,62.78236096244503,45.144319396941846
25.036948382614927,102.20052614235472,144.28910946817982,202.33615152355972,147.63094204638674,619.6511449419528,42.47574079777143,45.03553120584863
23.95677282900926,105.54448370765074,146.24096764192134,205.17307422511297,137.4513165798717,604.9823025775218,22.35786681007792,44.96634181863964
23.805913880622587,95.68486655032184,147.75750046307132,198.87397949707056,127.6691506351372,590.2348475933056,2.7308828060810413,44.156604932947545
24.432419821087063,104.11920834415116,149.6268417391537,3.7560768293281086,117.38547100348974,575.2938867553471,0.0,25.22464046960604
22.300852314478284,110.57406686653584,151.89778435754744,-0.4106649931919577,106.58600706802191,560.1423496782902,0.0,25.95100101252473
25.160120861986915,105.94530775883838,148.26629648078296,2.874457645452388,96.25605530112291,545.2128404669542,0.0,25.259460978235047
24.886279733657272,99.06257522251931,149.32946747090296,-2.9427252349221504,86.61292356270826,530.2698610209666,0.0,24.586111184402192
24.32724450735473,97.67849583608026,148.7797578882376,-1.4530648181136243,76.76746726515925,515.241094245156,0.0,24.874223073359623
23.587264691067645,95.2840779698851,153.2693806206548,0.4434438713811275,67.11432008413408,500.010026292622,0.0,24.88421513355914
26.22788422204469,100.52385516587448,143.674528227614,-0.5704237247300128,57.36457750930703,485.386580304394,0.0,24.373188563055063
25.04833302175546,103.10476640481872,145.8376811554595,2.027061952070732,47.36736374610145,470.9922133733281,0.0,24.39158069427146
23.822544124879315,102.96516724316294,143.90440260674828,5.108754336644971,37.05142288799199,456.0974122040013,0.0,25.210742027436247
26.275827627960883,99.7046494010242,156.65138938386443,0.3560207329625271,27.080320994877876,440.69444353905874,0.0,25.374070558056697
23.87023629002232,102.0773678499523,152.38342828487714,2.4767461995474207,16.890166072336655,425.4947346431704,0.0,25.389863818429586
24.856727207713885,101.62238940957565,145.7642399499264,1.6896741744577,6.9139116792323705,410.8232377149338,0.0,24.647751321340863
26.560625059749015,2.716574481422434,146.32520793813305,2.452946234517192,0.0,396.07871394220336,0.0,14.74452377273041
25.065139369180148,0.122455631377484,154.14512384223545,1.6549507240135457,0.0,381.058877870604,0.0,15.019836071599348
26.09803837899841,1.636771131378694,148.96696535831464,1.0362686731130566,0.0,366.3095369384962,0.0,14.74934093210781
25.24987519906384,-0.0402167947260139,149.92147066927427,-1.7681635867944865,0.0,351.2985969942697,0.0,15.01093994422652
24.83863369071628,4.988339116090174,149.43017876647667,2.8670870016566425,0.0,336.1375463461239,0.0,15.161050648145824
24.957603901050003,0.457165448656518,156.45918439342424,4.9189818867557165,0.0,320.62594536796394,0.0,15.511600978159942
26.1994917794543,2.1305905229180624,151.35508933612545,4.608697078069845,0.0,305.73017918121747,0.0,14.895766186746451
24.339722381810702,2.4803207134349847,150.01620596696867,4.06829367091143,0.0,290.3769991922954,0.0,15.3531799889221
25.879920676500767,5.47969206615263,151.30741344111684,-2.919674508148084,0.0,275.29683848574,0.0,15.08016070655539
25.50563682295424,1.0484633872280469,157.06163780596805,-0.0508404199418919,0.0,259.7142402332342,0.0,15.582598252505807
25.707304766636945,-0.6338198094018708,155.3855884669862,3.14378730775136,0.0,244.54974787127355,0.0,15.164492361960638
24.94308254281496,100.57545448448118,156.5361964454562,0.3495877716902811,789.7803680076353,229.43680225028845,0.0,25.332577613349795
23.570824529999776,98.97789853003638,152.2538154870192,0.6627697489632212,779.9935911768298,214.76361761659027,0.0,24.45996146450363
23.82309324871591,95.35184126526704,150.35926010302546,1.8474696822468888,770.0562144357974,199.73143278434205,0.0,24.969561573280643
23.907834248952096,100.67152727199672,151.62780549120197,2.3103790447459644,759.787307429264,184.70723889631287,0.0,25.293100894562563
25.849364643754672,101.062232665089,139.87111609589095,0.5266104180481079,749.8241012776806,170.39145109769703,0.0,24.27899395019931
25.8098988314281,100.61488802531224,148.7830972046436,-1.7339903115202375,739.4262520170608,155.5722328378415,0.0,25.21706752047529
26.220652469185804,95.5229057140604,149.75300119216675,3.2688081247513523,729.736119882388,140.88748362419807,0.0,24.374881348316205
25.25027280619396,97.478663421589,148.3534553210051,2.890373358580355,719.7145035969653,126.200768727519,0.0,24.708331182101876
25.585928904871817,100.43835303864743,150.85304739602486,3.1813751316088315,709.5722848699547,111.01155237736432,0.0,25.331435077165285
24.417815937282416,102.3439152857774,152.1363042156511,-0.1451469718270104,699.455513663579,96.09519685097492,0.0,25.033126732765133
24.437031956135662,99.69957112245731,150.31742753748122,4.522018039491549,689.4342321893083,81.0106666380853,0.0,25.10581168716036
24.44139737198805,99.00585456728678,146.20871610255656,6.786431601370914,679.5477471283441,66.43990079179949,0.0,24.457250907250007
23.315618187246773,95.89574112026276,154.71744074129757,4.986557321575958,669.8761686241804,51.405520943181685,0.0,24.705958352781515
24.367134886523687,91.73856192516932,148.1646743387935,1.462413012546385,660.6887998021889,36.71159839035106,0.0,23.881291374822155
25.012759549908075,101.41912499939276,146.2448976996182,3.057696163886405,650.548505142777,22.282206882696663,0.0,24.56968616706627
25.73517031181717,104.26689394622396,146.25305144884416,1.7486915183867922,640.1768114481398,7.530442258906174,0.0,25.12345831842772
23.888651858027504,100.8662369623438,0.7482604967177622,3.3438233865755365,630.0949086378946,0.0,0.0,10.081902810245207
25.42259157265868,93.5518780838584,3.948099923322765,0.9583602658289648,620.282088500279,0.0,0.0,9.8128201376156
25.40508404734459,103.21579649955,1.3168167559185306,-0.019524232312726,610.1541091965923,0.0,0.0,10.127979303686653
24.83742613658587,101.41502119487885,5.853504981081514,2.383484262190784,599.9945430567817,0.0,0.0,10.159566139810623
24.062457150729497,100.6075863576436,1.0286595860636891,5.607410813686776,589.6801966099113,0.0,0.0,10.314346446870484
24.72930208660324,91.86942695596,0.473928780195834,2.2659946999396183,580.4705160292549,0.0,0.0,9.20968058065636
24.3243826704777,100.5836388405632,2.3854798406476547,2.2521331783198875,570.2563732385752,0.0,0.0,10.214142790679697
22.876044129517325,97.26129275047728,-0.58991169109553,-0.4281408654788734,560.5437636438811,0.0,0.0,9.712609594694031
25.416241355836554,101.2010995489736,-0.8107199683517905,2.142056941267974,550.3314229278549,0.0,0.0,10.212340716026244
24.790161825993973,105.87709529044383,0.1217471974532031,6.035620040111702,539.7733518228724,0.0,0.0,10.55807110498245
23.85973495514782,99.42026272580328,1.462774446202765,-1.9899665425878936,529.6117653820869,0.0,800.0,10.161586440785523
26.483309737243676,105.98188674517148,-0.9756690737308062,201.0962767387755,519.2697516607187,0.0,779.7323752679896,30.609638453378597
23.636906672407004,96.53680678019978,2.1820359591466385,201.903949710578,509.7151688976751,0.0,759.3277606360728,29.959197394960498
23.609217849008274,93.10436483430638,1.293569424104362,193.91752241803755,500.11957687444175,0.0,739.606620317736,29.31673234157012
24.31210347663753,97.86767670345962,3.2644056923611373,200.1773958506265,490.1317251949525,0.0,719.4598069543528,30.134665042872445
24.732195403130365,100.36385658884736,6.201262003510806,196.94790077622625,480.0466563819748,0.0,699.586936687501,29.95793907982948
25.11523551286079,94.84667416051698,3.361951645047497,205.50358273658293,470.1653915035429,0.0,679.1431183383763,30.325083227556497
25.323507263448107,97.34612324355338,2.853234830207384,206.00502195938796,460.3650325641041,0.0,658.9791152101517,29.964362067663437
24.63047463977877,99.00418358455777,1.48115490573268,200.446423310366,450.3879413354235,0.0,638.9102711457178,30.045935293114542
25.10644068887477,99.89986394573484,-0.2184425302475929,199.0072568584341,440.3060937740006,0.0,618.7696689483262,30.22244975881456
23.202626829889912,100.5271288854499,0.5475782869171297,191.905694093032,430.1276107239455,0.0,599.4488866194375,29.49926537894378
25.055936420845374,104.73918253594492,0.3301022234269197,208.54143072395607,419.88682872571405,0.0,578.7310007809343,30.958667836734627
23.536681406340968,100.47422178769108,0.2108873789234095,200.2453954652568,409.77070268778726,0.0,558.9818780682194,29.86524875064171
25.75702957874925,100.90498763467524,4.418003200604318,194.8060861701694,399.55436080111326,0.0,539.1673357383881,30.03088421650529
23.689501074513643,102.73374198908482,1.978695569699184,200.5443411694246,389.7806219790925,0.0,519.1453675499463,29.79570701046264
24.02466108620021,97.69377026510348,2.5823211011973517,205.8874541583985,379.7115105965447,0.0,498.787388042857,30.427090889637117
23.980797713346508,99.32985060070308,1.4163839052561895,197.72323502180217,369.87526462110463,0.0,478.72905459073337,29.894579427563656
24.019818645894865,102.42884266569703,-0.7797844110389462,199.13692049057497,359.6033121704644,0.0,458.493446603212,30.50756043816158
26.95413035984449,102.4952377948307,-3.3306415564598666,202.66375225282232,349.62392631508783,0.0,438.5429345246881,29.92989793390049
24.88815494986448,93.09559773096164,1.811567363767836,199.9588519508912,340.27295973358565,0.0,418.425979722731,29.467921383459316
23.78971629457381,104.05942448093316,0.0285413726934748,200.3503835869262,329.94111140251454,0.0,398.4183349787946,30.339493075007518
25.294611621325927,97.93429287629418,2.225566533608053,205.765694276778,319.84551718727363,0.0,377.663429784521,30.850499409514427
24.489732196339087,100.59902954268742,2.9756031954192537,203.9824407775274,310.06954964391207,0.0,357.12842912278256,30.31096820510005
24.233773119536934,98.9074823557098,3.1336769611049817,194.73910728661627,300.3051137821291,0.0,337.67016065259975,29.222704331965737
23.753183134004576,105.35369168628958,0.542728427944958,199.84609860716472,290.00474286309554,0.0,317.534958567729,30.435573003904352
23.25171378747594,100.82619816750136,2.5385156772947965,202.8053250673851,279.93632615089547,0.0,297.3561699272887,30.247205352640385
23.91593262857384,98.42328685427118,-0.7522045777807165,195.2018634255599,270.1603884153855,0.0,277.58566312929145,29.54644453350722
25.21116430804507,100.43179933379716,146.60457833414952,204.02022532180143,260.45459904618053,784.89202496926,257.3348249104234,45.06460261881303
26.716586944773173,103.46496035405258,150.87185091556424,198.1462516940404,250.2546944021009,770.0160431330008,237.4960949988481,44.91461639191399
22.71032674731037,94.74363204293468,149.7486994081076,198.85781834887428,240.62282524197843,755.0546891727381,217.5779331904164,44.51138492881691
24.352830492589103,97.17962341254322,144.71986622426152,198.2822301830502,230.7499252260318,740.6662816837841,197.93564272912204,43.903597966195
23.36580479891731,102.46072991940592,150.90209233433475,205.38444508670585,220.6783676273041,725.512322166023,177.60209960283993,45.55906024277089
23.731985884148884,107.48657345455626,149.45490704638826,200.20035900229885,210.31213299608007,710.4334424372073,157.85124922879731,45.19596473408233
24.382810938536693,100.64197222569705,149.93825067682502,197.51049093432047,200.29050693239083,695.4263556776248,138.1591902098954,44.72077184217362
22.50074047715202,100.23422906077462,153.77603936558225,198.1105065104812,190.550591570411,680.0221489514075,118.4034019456062,44.899910352486245
24.47109234981549,102.06375610937154,149.45892070169205,192.43102181718848,180.8972310502851,664.9728474997993,99.1110995720552,43.99496434528512
25.09962485577416,104.62991912996908,152.77825330819894,200.3374041430804,170.76001669531513,649.834167151631,79.25456012551604,45.1324341496774
23.034140509415906,102.95462520683824,152.63470918636258,201.09732950513705,160.64406635170317,634.6534302944826,59.558596751266,44.99265057501043
25.86834475719492,103.49910808917096,148.90430846592994,202.50728993502744,150.25082636451097,619.8777719802113,39.38282391391051,45.344671138819
25.188505086858893,98.8264056984217,146.4585374664509,200.99932989039036,140.4295757823222,605.1732139431444,19.225471689044134,44.68316084412199
24.278233488446272,105.1487105733126,150.90661785644377,6.576875859274445,130.35043379581492,589.9847356900812,0.0,25.26762023957052
25.547486460913547,100.49013248179304,150.0394781536307,1.633926049129208,120.57864078435388,575.1898710869841,0.0,24.566657614558046
25.94803493147352,103.14912437464574,147.11431085354857,0.3399957047104891,110.46598079238096,560.4673235848063,0.0,24.835207494150666
25.49872507989155,102.79337993123754,149.43258341948027,5.268379376332042,100.43090405367484,545.4620385518228,0.0,25.04036177168953
23.510454243213413,106.4259052323963,144.97180149522936,4.868440766504385,90.1972810267648,530.7521721504082,0.0,24.943489428324582
25.209638411935902,101.03008785448614,150.2334710549229,3.4488754715716468,80.2208884593079,515.6793028890013,0.0,25.049261828863884
26.074537176024048,109.3603368455256,149.0948026878389,6.067446175069783,69.94526891881395,500.73784029238846,0.0,25.21708213710681
24.70928536682894,101.7372382110568,152.42271511990427,0.7650057565922808,59.79174414832457,485.6142870782074,0.0,25.27707798467042
23.403036423021884,97.4498705754525,151.26799816166755,3.4778605744876216,50.17138427697616,470.7385688363821,0.0,24.49607811317372
25.183888589418423,103.5171228332432,154.2552466398214,1.2696285126306606,39.876764364975706,455.4436690822379,0.0,25.58951966614467
24.148369785257145,103.46960825649992,153.18188947477677,5.14170808835847,29.80143036849788,440.2382906388114,0.0,25.2807124399043
25.52182031752527,102.77257565358548,147.6216275776825,3.939980220806973,19.57075990345298,425.38045631359125,0.0,25.08850479026507
24.979389577987888,96.07181110461784,144.94448601892972,-0.3946565360108423,9.928585572279292,410.8161894611154,0.0,24.206441183649456
25.889619014821264,2.2776861623227944,154.28179689546772,4.8603633283094965,0.0,395.6235508215044,0.0,15.19263863961105
23.673047286263685,2.019690296955062,149.76596612035138,1.62388044974373,0.0,380.6999714218824,0.0,14.923579399622016
25.380976736671517,1.0582323940873195,155.0628836475488,2.727639488860781,0.0,365.4186561409308,0.0,15.281315280951636
25.05954004503401,1.0921310955255237,148.27683337848742,2.8643262548083044,0.0,350.5457075190291,0.0,14.87294862190162
23.760709724227976,1.997892615703748,146.83925365868288,0.0200901747587209,0.0,335.50458838801666,0.0,15.041119131012486
25.802496922705544,8.6222208562031,149.02210447886594,5.516657172686848,0.0,320.62455324661994,0.0,14.880035141396728
25.541974629508196,3.810986028880208,149.20019270442094,3.341001368313236,0.0,305.9025531423462,0.0,14.722000104273702
25.62721934464732,0.4467253546464107,155.23607767117392,1.2322608174759182,0.0,290.70529858601464,0.0,15.197254556331568
24.037628712125294,3.4943144843314187,148.99633178873697,6.608556536198378,0.0,275.8168877684053,0.0,14.88841081760933
23.68328693009804,1.9100472849460812,154.4533220317854,2.0625875903369746,0.0,260.5455946634628,0.0,15.271293104942512
24.274820658326128,2.914713157738916,152.65919421725582,5.95358203815649,0.0,245.2757702812435,0.0,15.269824382219287
23.904493078614816,0.4939307509106498,151.79676029359973,4.12734906079595,0.0,230.18866224961107,0.0,15.087108031632438
26.117821371115728,2.101685642921801,148.6339121494191,-0.2920822027014296,0.0,215.04801334610568,800.0,15.140648903505406
23.24830556964994,-1.2990524336258318,151.87579736005307,201.2983505289298,0.0,200.05547250292628,779.5607723056683,35.4317685375112
25.94031285987749,2.269637179071076,156.65536940429723,195.55155879462117,0.0,184.55665580573032,759.7594509886753,35.30013801418888
24.476891774237767,2.8559877401054763,148.3064729176775,200.77958405115865,0.0,169.97355023528883,739.3582231651634,34.984333393953385
23.73137267486442,3.909510341828927,156.22160957246174,200.52275533202152,0.0,154.68813931608827,719.4383291076074,35.20530497675658
24.02766918435852,2.8366848767722037,150.23494704807771,208.8699662218868,0.0,139.90944580459265,698.9917112545821,35.22531136452089
25.141820923308373,2.738454455607048,149.4359901216822,202.1224898616212,0.0,125.18490693013246,678.9476028481176,34.76864728092468
23.58083338530811,6.740483546827349,151.31650063321732,197.0075366858229,0.0,110.19605877225725,659.0996389708403,34.836812035152555
24.528432386394176,4.500581829941247,154.36662314023113,198.71975880156143,0.0,95.32813940333442,639.1045058860299,34.86305245373316
24.359630178164466,3.205875547616273,152.82394283980142,195.39654887450243,0.0,80.30294244984148,619.476849945637,34.652852893885736
23.973259720472573,2.5558147304047765,157.094109295802,198.0234629479181,0.0,64.68993000514799,599.8938443438842,35.19601804644628
22.500426341136045,2.77517176801841,152.47760455572617,199.3259721999912,0.0,49.67759542950011,580.0006755052194,34.905503414312626
25.27511314450144,2.0751044998835866,158.02209507952443,195.86918965628595,0.0,34.22237018002971,560.1431715335646,35.31272922112523
24.81271012977106,4.812222251574227,155.01591398218835,203.00206818957628,0.0,19.26492129466012,539.7266687616926,35.37395165724158
25.26548141055867,5.143425460615433,153.3052247715692,200.97932823651072,0.0,4.221909476528404,519.4701108134748,35.299569766349606
25.06831976667164,5.652552266102674,2.482359368929963,202.94276277700385,0.0,0.0,499.2193404746125,20.25077033886228
23.880694809900447,6.919621608687663,0.2287237208594916,197.87050052760785,0.0,0.0,479.57529797374616,19.64404250086634
24.473489258600377,-0.2299955276188185,6.78213220201841,192.3509194869082,0.0,0.0,460.2068437360328,19.368454237713397
25.60903448369653,4.514965567116029,1.1997952049684386,202.76730021685253,0.0,0.0,439.9831548322309,20.223688903801804
25.444765345101143,2.803311691525728,3.434878219143876,198.3944831268652,0.0,0.0,419.99658631747326,19.986568514757654
25.098730706196203,7.271391855312103,1.489821014211394,199.56764695573304,0.0,0.0,400.1397429581715,19.856843359301774
26.073629477348994,5.991114673571332,2.8249838588151945,200.49195327522503,0.0,0.0,380.2619104568028,19.87783250136876
26.16793832350541,4.708381720589017,1.114054196965803,207.57305750186973,0.0,0.0,359.7867649549079,20.475145501894858
24.673868472317007,1.2833382850404649,3.4611212216714407,202.73441393939424,0.0,0.0,339.8479828637079,19.938782091199965
25.55915887134968,2.345522479327677,4.3933448278126335,199.81689748792957,0.0,0.0,320.0658924180135,19.782090445694404
24.99728335853437,3.0970027354863205,4.538131679422556,199.51859384518545,0.0,0.0,300.3613229191796,19.704569498833905
24.706592969709394,5.062278509128007,1.368585100197663,199.90881510639707,0.0,0.0,280.50786889201333,19.85345402716627
24.980637503588422,2.0767288283161847,-1.1168883306992825,194.03029113757609,0.0,0.0,260.6645791869729,19.843289705040423
27.46703944217936,1.154081162763852,3.132062650957103,206.70396210515796,0.0,0.0,240.28717056606564,20.37740862090725
24.71905031453279,4.609485230190053,-0.702049280231769,197.02883236751185,0.0,0.0,220.53770304707876,19.749467518986908
24.919146049924606,4.616945791053205,2.4085321887460225,199.0329081832926,0.0,0.0,200.84854115230985,19.689161894768905
22.95588042232641,-1.1274520568497124,1.85525963080147,198.08566929808757,800.0,0.0,180.8625087917141,19.986032360595686
25.207663538134103,100.49538841288438,3.347096533298611,199.49635431913003,789.9270841949196,0.0,160.99137353167373,29.944051065120767
23.764849560790623,102.82219605207574,2.3450785848988147,201.81361309918597,779.8357348122216,0.0,140.77319880600098,30.30952410837076
25.32932141656604,100.15501029378784,2.9077777393182487,204.75992340575368,769.8130223339502,0.0,120.64686209959008,30.149049184682248
24.583126625293342,96.1441662205972,0.3638139594825702,196.5351554492421,760.084826335991,0.0,101.17925781828642,29.195800279262837
22.260900111893697,97.93606062786732,4.310408707541619,205.0076081172981,750.3346205757379,0.0,81.23098913134083,29.698474447198727
25.5025655734931,102.75285629673785,2.970997109397466,201.843877486986,740.2292009886547,0.0,61.06006399604625,30.27634472237773
24.236983358676778,100.50371526180189,0.7766970872292092,201.86533575576016,730.1328268354315,0.0,41.46210984276307,29.69432830650636
24.97110068457488,105.84141121651666,5.928405176223151,205.5526445377537,719.8142901583238,0.0,21.33524956120305,30.44539695866772
23.290240309124457,103.3094215116592,3.028108170783973,206.07487368587843,709.6419922654251,0.0,1.0263225222764376,30.481224931825334
23.92404058828992,109.4038132974132,3.1817742508163818,3.4249327425991964,698.9018242163335,0.0,0.0,10.740168049091643
27.011791968570535,100.07793966962473,1.8081682051763368,0.8278047529963573,688.4806639275743,0.0,0.0,10.42116028875926
23.713741328855207,91.11544763387998,5.034352255360766,2.1697778251315256,678.9965275460715,0.0,0.0,9.484136381502733
23.711278399212983,101.8076816208112,,2.5156922337035823,668.8006328033204,,0.0,
23.835820280299007,110.0497968782683,,,657.7657666081681,,,
25.681704269462852,,,,,,,
24.645058361111133,,,,,,,
26.31882502116032,,,,,,,
23.695046088841927,,,,,,,
24.547375827561503,,,,,,,
22.47422756382146,,,,,,,
24.027116767444426,,,,,,,
25.508600667449556,,,,,,,
23.474761058211,,,,,,,
26.1335710552088,,,,,,,
22.92652738940998,,,,,,,
24.510589248641377,,,,,,,
23.76267426862881,,,,,,,
25.575090948050857,,,,,,,
26.018987426060963,,,,,,,
24.29480715289195,,,,,,,
25.828688654822205,,,,,,,
23.89121171350279,,,,,,,
24.95498549811731,,,,,,,
25.47910908697476,,,,,,,
25.276790358451763,,,,,,,
24.50569149991764,,,,,,,
24.25492274690112,,,,,,,
24.55324204795313,,,,,,,
25.40009773282284,,,,,,,
25.12699321679804,,,,,,,
23.479339302484423,,,,,,,
24.415723152989493,,,,,,,
23.933634154503626,,,,,,,
23.94193204891477,,,,,,,
25.931552728811,,,,,,,
24.96270870071285,,,,,,,
25.764534426926872,,,,,,,
23.87770243531535,,,,,,,
24.32726864265361,,,,,,,
26.02927716282263,,,,,,,
25.04746720932257,,,,,,,
24.81432908310635,,,,,,,
24.110926009213287,,,,,,,
25.613164947058056,,,,,,,
24.36302640776044,,,,,,,
24.659066387776303,,,,,,,
24.72413201728248,,,,,,,
24.636083571088825,,,,,,,
23.940379147324247,,,,,,,
23.871339636897364,,,,,,,
23.484912219807818,,,,,,,
23.99934695589737,,,,,,,
22.96497382974393,,,,,,,
26.173231591763912,,,,,,,
25.44770792486795,,,,,,,
23.819305955387293,,,,,,,
23.47283080073754,,,,,,,
25.71781248869443,,,,,,,
24.22446558412674,,,,,,,
24.38893088102388,,,,,,,
24.89591051937448,,,,,,,
22.99437879322328,,,,,,,
23.472536039764545,,,,,,,
24.984545852534644,,,,,,,
24.502705711964367,,,,,,,
24.123586502946456,,,,,,,
24.877850700382304,,,,,,,
26.394410966308293,,,,,,,
23.930557234827084,,,,,,,
23.85256266494744,,,,,,,
25.889758662099226,,,,,,,
25.929851611487237,,,,,,,
24.848036402525945,,,,,,,
23.625982221321365,,,,,,,
24.91944871462169,,,,,,,
23.959620804604835,,,,,,,
25.74665374059177,,,,,,,
23.478870341545967,,,,,,,
23.17880539563484,,,,,,,
24.90721630333665,,,,,,,
24.655505475840567,,,,,,,
25.67599805375009,,,,,,,
22.59860237719884,,,,,,,
22.767528000722603,,,,,,,
25.07011567027883,,,,,,,
23.548787485800005,,,,,,,
24.19948921507883,,,,,,,
25.92319082802476,,,,,,,
26.648531464525444,,,,,,,
24.65103246950367,,,,,,,
23.20175090530843,,,,,,,
24.059846793454607,,,,,,,
22.463731863306368,,,,,,,
23.438343606914263,,,,,,,
24.185579490169253,,,,,,,
23.59030642322156,,,,,,,
23.53485702368296,,,,,,,
23.622742262459244,,,,,,,
25.330543920523876,,,,,,,
24.99541514787736,,,,,,,
24.01420725057021,,,,,,,
22.254601631582798,,,,,,,
25.714654262102947,,,,,,,
24.56856665941071,,,,,,,
24.030407775623843,,,,,,,
24.10266577592253,,,,,,,
24.450900659386782,,,,,,,
23.865760192826247,,,,,,,
23.71376850247209,,,,,,,
25.111200461581955,,,,,,,
25.19590048508856,,,,,,,
24.29670712155179,,,,,,,
24.128411089948525,,,,,,,
26.83679663318441,,,,,,,
24.04748115473612,,,,,,,
22.898912872412687,,,,,,,
22.11014840531848,,,,,,,
25.540849614592936,,,,,,,
24.84899118714268,,,,,,,
24.05421204255435,,,,,,,
25.940219738209965,,,,,,,
24.083679166250413,,,,,,,
24.859937080956463,,,,,,,
25.63982397124353,,,,,,,
26.25684023186139,,,,,,,
24.989589948689343,,,,,,,
24.428690010191325,,,,,,,
25.538634172289957,,,,,,,
26.49774925291452,,,,,,,
24.80972939141979,,,,,,,
23.86320614822478,,,,,,,
26.070568474548686,,,,,,,
24.74011197087074,,,,,,,
24.497881751202044,,,,,,,
23.05318275899324,,,,,,,
24.23138555202804,,,,,,,
24.25635770248387,,,,,,,
25.6723241152522,,,,,,,
22.81030028440569,,,,,,,
25.339909169606983,,,,,,,
25.147008626598865,,,,,,,
24.36404501890348,,,,,,,
25.255978010596262,,,,,,,
24.81705913963372,,,,,,,
23.42167784353532,,,,,,,
23.62023590519674,,,,,,,
25.41499463991228,,,,,,,
25.15271225759803,,,,,,,
24.185908351490028,,,,,,,
25.130722992344552,,,,,,,
24.48503691567899,,,,,,,
24.76731573462449,,,,,,,
25.40553552191242,,,,,,,
22.585279967910918,,,,,,,
25.250155269227445,,,,,,,
23.824236515246447,,,,,,,
23.4267314906282,,,,,,,
23.366896878705237,,,,,,,
23.25619249384876,,,,,,,
25.452428550980123,,,,,,,
23.961242187345704,,,,,,,
25.061679159256137,,,,,,,
25.50868457586241,,,,,,,
24.32781571211117,,,,,,,
25.007045093936963,,,,,,,
24.68798443652565,,,,,,,
25.18542392832377,,,,,,,
25.28873816889414,,,,,,,
24.43151779517388,,,,,,,
25.143226777952485,,,,,,,
24.07572880255146,,,,,,,
25.514440127489436,,,,,,,
25.211393903039404,,,,,,,
23.858941966317115,,,,,,,
24.076016461938178,,,,,,,
24.409479569242173,,,,,,,
25.41884104724751,,,,,,,
24.947859897788103,,,,,,,
24.1348856682797,,,,,,,
24.54314499730353,,,,,,,
25.95654794185592,,,,,,,
24.83118035762182,,,,,,,
23.597085722380957,,,,,,,
22.84054070486804,,,,,,,
24.941736857905564,,,,,,,
24.502072585485923,,,,,,,
25.688968575666348,,,,,,,
24.2023855217167,,,,,,,
24.07483339499969,,,,,,,
24.959796437972575,,,,,,,
25.295396645265885,,,,,,,
24.933704951439644,,,,,,,
23.18345143508954,,,,,,,
23.655732647967763,,,,,,,
22.94237772951365,,,,,,,
25.007706285769952,,,,,,,
25.75879706184045,,,,,,,
22.475615497702968,,,,,,,
24.3461535603781,,,,,,,
24.01276919944316,,,,,,,
25.002551572392484,,,,,,,
23.47575650355588,,,,,,,
24.46872520227601,,,,,,,
23.539013545673747,,,,,,,
23.291168379169424,,,,,,,
25.869807232179973,,,,,,,
23.9709992568863,,,,,,,
25.944349119520968,,,,,,,
23.175383953450577,,,,,,,
24.485452026885177,,,,,,,
24.523307263064247,,,,,,,
23.64149567158982,,,,,,,
25.54188565508935,,,,,,,
24.536931417808688,,,,,,,
24.30936886972132,,,,,,,
25.188999124361267,,,,,,,
25.374284922729306,,,,,,,
23.60362109153137,,,,,,,
24.64170458832542,,,,,,,
23.525283576308475,,,,,,,
25.11675815988334,,,,,,,
24.82691304661557,,,,,,,
24.090980473810788,,,,,,,
24.091447101126025,,,,,,,
22.681649327200727,,,,,,,
23.06550482625885,,,,,,,
23.21142747281711,,,,,,,
24.191189851288964,,,,,,,
23.87456205508756,,,,,,,
26.199079567288624,,,,,,,
22.78494530268569,,,,,,,
24.41185547529847,,,,,,,
22.35331481280553,,,,,,,
24.937201063304737,,,,,,,
23.80690809647292,,,,,,,
25.608750584258345,,,,,,,
24.63707704186618,,,,,,,
24.382000693990637,,,,,,,
25.015753703294607,,,,,,,
23.599758188790343,,,,,,,
24.41732682004176,,,,,,,
26.64595886657252,,,,,,,
23.97677012902457,,,,,,,
23.55625555284224,,,,,,,
25.047284085631315,,,,,,,
25.07355556351476,,,,,,,
24.02028169808235,,,,,,,
21.860941453597988,,,,,,,
25.22126494817421,,,,,,,
25.16387766344999,,,,,,,
24.83310283030048,,,,,,,
23.90978419507442,,,,,,,
23.430058669683785,,,,,,,
24.835291536764085,,,,,,,
24.242347250382306,,,,,,,
24.1085936114982,,,,,,,
23.53870503298957,,,,,,,
24.0801049719611,,,,,,,
25.85973158690163,,,,,,,
23.575476852129043,,,,,,,
23.286528636728,,,,,,,
23.69148216721091,,,,,,,
25.87333864267949,,,,,,,
24.677879960059983,,,,,,,
25.302361764209024,,,,,,,
23.158415630911847,,,,,,,
25.002486642497235,,,,,,,
24.252372237391043,,,,,,,
25.042213750964628,,,,,,,
22.50289808413658,,,,,,,
24.022684895309343,,,,,,,
24.402412987120204,,,,,,,
23.732930535763558,,,,,,,
25.06216115617208,,,,,,,
23.48530042873576,,,,,,,
24.91508820001096,,,,,,,
24.65101006785853,,,,,,,
24.976848069916223,,,,,,,
23.26680121455681,,,,,,,
24.35545033431401,,,,,,,
23.60585105942311,,,,,,,
23.36494798824868,,,,,,,
24.69949067992091,,,,,,,
25.68354859713349,,,,,,,
26.13942793796054,,,,,,,
22.25018149674997,,,,,,,
24.137241799239813,,,,,,,
24.709847218112078,,,,,,,
24.077551714116865,,,,,,,
25.166972231775407,,,,,,,
25.19464101798211,,,,,,,
24.197801274661145,,,,,,,
25.60221158280341,,,,,,,
26.837725837368144,,,,,,,
24.703471562457803,,,,,,,
23.1776862661681,,,,,,,
22.641097482000266,,,,,,,
23.78903421320012,,,,,,,
23.628983900717927,,,,,,,
24.99320334963906,,,,,,,
23.48383679419648,,,,,,,
25.408344310616634,,,,,,,
25.333409589016934,,,,,,,
24.644680263287395,,,,,,,
24.63918838274353,,,,,,,
24.523826329217663,,,,,,,
22.33701268482422,,,,,,,
22.39928009122197,,,,,,,
24.50545148767719,,,,,,,
24.2852236798664,,,,,,,
23.36827949989199,,,,,,,
25.33438777585737,,,,,,,
24.321643180268666,,,,,,,
25.070641675512285,,,,,,,
23.000876863667823,,,,,,,
25.01703309557693,,,,,,,
23.383167436878946,,,,,,,
24.64174827383103,,,,,,,
25.758587734959903,,,,,,,
25.146240266639158,,,,,,,
26.069139813313612,,,,,,,
25.40338848756004,,,,,,,
25.767715456781943,,,,,,,
22.72640134713461,,,,,,,
25.347095331346853,,,,,,,
26.860242389643627,,,,,,,
24.13032487885404,,,,,,,
24.30560154649313,,,,,,,
24.63401361691448,,,,,,,
24.89024550970308,,,,,,,
25.526108291694435,,,,,,,
24.3814505414214,,,,,,,
24.45176003013735,,,,,,,
24.074197934196377,,,,,,,
23.8000143757084,,,,,,,
24.10900943510696,,,,,,,
24.35245482962778,,,,,,,
24.389509929939813,,,,,,,
23.268725395476316,,,,,,,
23.985453779045923,,,,,,,
25.333146747442893,,,,,,,
24.410009409848023,,,,,,,
25.664446358884312,,,,,,,
24.501963884388363,,,,,,,
24.059863271098365,,,,,,,
24.810726300718827,,,,,,,
23.853231713963662,,,,,,,
22.73640085169481,,,,,,,
24.9710822019285,,,,,,,
24.47246253218164,,,,,,,
23.65796677870313,,,,,,,
22.38804475975716,,,,,,,
26.362872231112625,,,,,,,
22.197830676374835,,,,,,,
23.51179554795523,,,,,,,
25.870912188390182,,,,,,,
25.46915407170826,,,,,,,
23.958984819430444,,,,,,,
23.07315496781932,,,,,,,
24.274377982303807,,,,,,,
24.851222893464502,,,,,,,
24.49024763798196,,,,,,,
25.971504645027505,,,,,,,
25.29431347018765,,,,,,,
23.748941184728825,,,,,,,
24.91740407775573,,,,,,,
26.30924229976253,,,,,,,
25.75279495269796,,,,,,,
23.06014593284661,,,,,,,
25.139830626823283,,,,,,,
25.9382785125501,,,,,,,
23.805276331994342,,,,,,,
23.780259085122125,,,,,,,
24.51524294060706,,,,,,,
27.24317733703699,,,,,,,
22.64567321830505,,,,,,,
23.780616620930203,,,,,,,
23.04100369925565,,,,,,,
22.843764845650437,,,,,,,
24.10792377444509,,,,,,,
24.20506954337905,,,,,,,
22.700335510639796,,,,,,,
25.578228633397625,,,,,,,
23.07048752754956,,,,,,,
24.17465569569532,,,,,,,
24.059711007321024,,,,,,,
24.26948363488166,,,,,,,
24.91742609443345,,,,,,,
25.267883981342088,,,,,,,
23.575113182723907,,,,,,,
23.191510360416576,,,,,,,
25.332914752308508,,,,,,,
23.46691484578535,,,,,,,
24.26540518693439,,,,,,,
24.17762329940044,,,,,,,
24.996087814410107,,,,,,,
24.32305168802068,,,,,,,
24.666086949071037,,,,,,,
26.02492286298503,,,,,,,
23.681864591811426,,,,,,,
24.179968968273887,,,,,,,
26.773764936862232,,,,,,,
23.284579268902917,,,,,,,
23.656956474693068,,,,,,,
24.60335060627207,,,,,,,
23.54457285335624,,,,,,,
25.81120535752909,,,,,,,
26.079163631301963,,,,,,,
23.45715696524064,,,,,,,
23.010750353380843,,,,,,,
24.202347264922583,,,,,,,
25.320195937660085,,,,,,,
24.0889942090327,,,,,,,
23.809998369445943,,,,,,,
23.435989555667256,,,,,,,
23.85399313713604,,,,,,,
23.315851043464143,,,,,,,
23.849058979783063,,,,,,,
23.611262211444775,,,,,,,
23.87313585143533,,,,,,,
23.249759743587592,,,,,,,
23.84361763676961,,,,,,,
23.52145547969506,,,,,,,
23.757049468632346,,,,,,,
23.959467012022323,,,,,,,
23.733861712896918,,,,,,,
25.030667137169143,,,,,,,
23.217696454830584,,,,,,,
24.09672363847912,,,,,,,
23.216874169562704,,,,,,,
24.071591734458387,,,,,,,
22.018295583615977,,,,,,,
25.301162525908303,,,,,,,
23.252524923985582,,,,,,,
24.3857620175664,,,,,,,
25.021040812612384,,,,,,,
24.66070915325133,,,,,,,
23.87204904072156,,,,,,,
25.342093237020865,,,,,,,
24.64837365240392,,,,,,,
23.87891252980771,,,,,,,
24.084008595769276,,,,,,,
25.80998493689896,,,,,,,
24.08133950462697,,,,,,,
25.63073911446095,,,,,,,
24.88911129828909,,,,,,,
25.00106065455605,,,,,,,
24.672366915261996,,,,,,,
23.393856151089214,,,,,,,
22.850802046368653,,,,,,,
23.95137499910555,,,,,,,
23.97826655044569,,,,,,,
23.01060310210008,,,,,,,
24.6286958535446,,,,,,,
22.75030004857651,,,,,,,
22.782257187300186,,,,,,,
25.25883570959368,,,,,,,
23.99852002452069,,,,,,,
25.74922357192376,,,,,,,
22.946938158885867,,,,,,,
25.47092908103694,,,,,,,
24.065330308653024,,,,,,,
23.6911030644339,,,,,,,
23.71127224475096,,,,,,,
23.443821226401138,,,,,,,
23.121961585335946,,,,,,,
23.382937570561857,,,,,,,
23.436464816823037,,,,,,,
25.20533249659598,,,,,,,
23.45314860332764,,,,,,,
23.46783877190684,,,,,,,
23.56277117727381,,,,,,,
23.40843733231512,,,,,,,
25.196114901542,,,,,,,
26.471362617461075,,,,,,,
24.151365715121337,,,,,,,
25.45591111997302,,,,,,,
25.72653240905681,,,,,,,
23.724488841933795,,,,,,,
23.34337384742478,,,,,,,
24.77827806430944,,,,,,,
24.465852199321382,,,,,,,
23.315267204253296,,,,,,,
25.285211862365006,,,,,,,
23.270624386610848,,,,,,,
25.004492111745822,,,,,,,
23.986469023964634,,,,,,,
25.066499376572065,,,,,,,
24.935483962571286,,,,,,,
22.445622831677515,,,,,,,
22.87551354416629,,,,,,,
24.86986527254909,,,,,,,
24.821989633518736,,,,,,,
26.38156101274982,,,,,,,
24.05279248153552,,,,,,,
23.76162690022629,,,,,,,
22.587412523933025,,,,,,,
23.641712759288783,,,,,,,
24.15516291277115,,,,,,,
23.743093500395343,,,,,,,
24.938772184311254,,,,,,,
23.773526882741404,,,,,,,
24.448306571932356,,,,,,,
24.181614434310653,,,,,,,
24.172524637993227,,,,,,,
24.56981810973001,,,,,,,
25.020108397363007,,,,,,,
24.48186566344347,,,,,,,
22.073971242202497,,,,,,,
22.505830441954917,,,,,,,
25.884081793397243,,,,,,,
23.347448139035485,,,,,,,
24.77141727567174,,,,,,,
23.56645649917168,,,,,,,
24.2157178940098,,,,,,,
23.93470473854097,,,,,,,
22.54050905662214,,,,,,,
25.24981999162547,,,,,,,
23.759839643282508,,,,,,,
22.69565146096508,,,,,,,
23.52684783066768,,,,,,,
22.260153966923685,,,,,,,
22.965853164544285,,,,,,,
23.036960817716505,,,,,,,
24.475768306385977,,,,,,,
26.45983725407404,,,,,,,
26.03185446314543,,,,,,,
25.316909904700932,,,,,,,
25.025420209970942,,,,,,,
24.05885471600417,,,,,,,
23.835981799563804,,,,,,,
23.42810634612432,,,,,,,
23.73288675896193,,,,,,,
22.494950911067,,,,,,,
24.82520611415486,,,,,,,
22.51829320663189,,,,,,,
25.08582253643906,,,,,,,
24.66861512551839,,,,,,,
21.723037876571663,,,,,,,
24.109303128095437,,,,,,,
24.07626515887656,,,,,,,
21.70210638093978,,,,,,,
22.410354172178696,,,,,,,
23.844810477627018,,,,,,,
24.481965527767567,,,,,,,
24.833236660400058,,,,,,,
24.736694790975942,,,,,,,
23.845298597304105,,,,,,,
23.864867516627605,,,,,,,
25.86699515576012,,,,,,,
26.21740231738943,,,,,,,
24.569463457327032,,,,,,,
23.365595937624324,,,,,,,
24.315612114861203,,,,,,,
23.7179864035544,,,,,,,
23.554813320709822,,,,,,,
23.195026763073365,,,,,,,
22.66325960483107,,,,,,,
23.409312434195584,,,,,,,
23.941344901074075,,,,,,,
23.533036229651703,,,,,,,
25.072573485913505,,,,,,,
25.24202917181757,,,,,,,
23.23062865335671,,,,,,,
22.738990980254226,,,,,,,
23.273387531993947,,,,,,,
23.73533153912672,,,,,,,
21.606784199314543,,,,,,,
25.061410629112327,,,,,,,
23.415841147867507,,,,,,,
22.50672133921202,,,,,,,
24.583371428171297,,,,,,,
23.365539534506077,,,,,,,
24.268793493726807,,,,,,,
22.68466507008229,,,,,,,
23.12457947145378,,,,,,,
23.4711519180568,,,,,,,
24.295496598780517,,,,,,,
23.401158298459407,,,,,,,
24.125654240806604,,,,,,,
23.9688031712561,,,,,,,
25.737456424898102,,,,,,,
23.32808830671223,,,,,,,
25.613471288883115,,,,,,,
22.50661299566678,,,,,,,
24.52081986708552,,,,,,,
24.62586975164112,,,,,,,
23.590333743971748,,,,,,,
25.009762116156363,,,,,,,
23.025950038338618,,,,,,,
24.79373856400584,,,,,,,
23.808257868904608,,,,,,,
24.34159162204073,,,,,,,
23.662513135228664,,,,,,,
22.19629459315661,,,,,,,
22.073247509459243,,,,,,,
24.35325360002044,,,,,,,
23.86700265003019,,,,,,,
24.485670206968155,,,,,,,
23.53104218912182,,,,,,,
23.873933410840056,,,,,,,
24.763035609902083,,,,,,,
24.0853252483248,,,,,,,
25.21407043273944,,,,,,,
23.807260079676173,,,,,,,
23.502374500133136,,,,,,,
23.928971529366013,,,,,,,
25.294955845547765,,,,,,,
24.77377142757076,,,,,,,
21.98218997994415,,,,,,,
25.40535998417589,,,,,,,
22.420950855103573,,,,,,,
23.994983271293947,,,,,,,
24.9391264012734,,,,,,,
23.230222502874195,,,,,,,
23.840654352494145,,,,,,,
24.268612776898618,,,,,,,
25.175478756827317,,,,,,,
24.172778902705048,,,,,,,
25.487834536865403,,,,,,,
24.780090732729143,,,,,,,
24.797923831870843,,,,,,,
23.90898202042668,,,,,,,
24.043299129509847,,,,,,,
23.846719374216743,,,,,,,
24.35321528794782,,,,,,,
25.80757383314188,,,,,,,
24.14143360442705,,,,,,,
23.36779715381943,,,,,,,
24.177820494007157,,,,,,,
22.76944258148588,,,,,,,
21.8993689982446,,,,,,,
24.25739449778578,,,,,,,
21.170056873403723,,,,,,,
23.31902417747625,,,,,,,
24.35854059981195,,,,,,,
23.52373298912221,,,,,,,
23.573382584896308,,,,,,,
24.55353178074065,,,,,,,
24.65245838537057,,,,,,,
24.25942254713366,,,,,,,
22.784601651370476,,,,,,,
24.15244238137885,,,,,,,
25.1092212651238,,,,,,,
24.31909253906886,,,,,,,
22.87188632858553,,,,,,,
24.726210856541435,,,,,,,
24.63032971402964,,,,,,,
22.225461135775745,,,,,,,
24.83494888828654,,,,,,,
21.52737156061385,,,,,,,
25.32175022472573,,,,,,,
24.89455631053829,,,,,,,
25.54939300369612,,,,,,,
23.53980693862202,,,,,,,
22.79099839969784,,,,,,,
23.591616415295825,,,,,,,
22.599201986139963,,,,,,,
24.010652215150408,,,,,,,
24.24633263992648,,,,,,,
25.23322711324024,,,,,,,
23.708839449401324,,,,,,,
22.77525056367986,,,,,,,
25.46334607581123,,,,,,,
24.291808047371905,,,,,,,
24.35635164269605,,,,,,,
22.324326929896635,,,,,,,
25.389892205519477,,,,,,,
23.804676636382595,,,,,,,
24.55928308503335,,,,,,,
26.665320778229933,,,,,,,
25.711210845089337,,,,,,,
23.866986088772027,,,,,,,
24.09421631811608,,,,,,,
22.805149071354247,,,,,,,
24.94752025851724,,,,,,,
24.985729313653263,,,,,,,
23.617675346604408,,,,,,,
24.79096184712186,,,,,,,
23.887216733195974,,,,,,,
23.09999689486545,,,,,,,
24.07761330597442,,,,,,,
23.512198402290373,,,,,,,
24.22914366187237,,,,,,,
24.959123724352096,,,,,,,
23.43316151944751,,,,,,,
23.99264427937583,,,,,,,
23.747890243690875,,,,,,,
24.72863578602752,,,,,,,
22.661910681510864,,,,,,,
25.557638119383025,,,,,,,
23.7307421613526,,,,,,,
23.641406307366367,,,,,,,
23.600741371163565,,,,,,,
25.37610228889036,,,,,,,
25.185972716040208,,,,,,,
24.526783473359103,,,,,,,
25.275355924202,,,,,,,
25.19781356039644,,,,,,,
24.617955034745325,,,,,,,
22.01894361568098,,,,,,,
23.57572711486712,,,,,,,
23.5754981081238,,,,,,,
23.044783374327903,,,,,,,
22.562106096351897,,,,,,,
23.53148783905052,,,,,,,
22.730438628429937,,,,,,,
24.286417938266585,,,,,,,
23.25944424599164,,,,,,,
23.50497061622312,,,,,,,
23.10608580058592,,,,,,,
24.359651651824635,,,,,,,
23.89086151479121,,,,,,,
21.78268146831811,,,,,,,
24.427679561341414,,,,,,,
23.32774257030585,,,,,,,
22.944212168127024,,,,,,,
24.99822321023061,,,,,,,
23.4329585759163,,,,,,,
23.70082894876153,,,,,,,
23.915858760841783,,,,,,,
23.85461478844549,,,,,,,
24.841018825464104,,,,,,,
22.782255626803536,,,,,,,
22.67968966886287,,,,,,,
24.341976122277245,,,,,,,
24.52676215947895,,,,,,,
22.999696116824552,,,,,,,
22.495478561390502,,,,,,,
25.239032499914067,,,,,,,
22.876442908441184,,,,,,,
23.31245221444785,,,,,,,
21.711562070362778,,,,,,,
23.780588417250907,,,,,,,
23.712572820560677,,,,,,,
24.1830369754354,,,,,,,
24.01412049786918,,,,,,,
23.527616467777644,,,,,,,
24.830002147644755,,,,,,,
22.516609260952173,,,,,,,
22.729669315785024,,,,,,,
22.36581031183398,,,,,,,
23.654413775152523,,,,,,,
24.166366688893245,,,,,,,
22.565779616747808,,,,,,,
23.946478358797343,,,,,,,
21.523066107409896,,,,,,,
23.275562264214177,,,,,,,
24.736550829082127,,,,,,,
24.749525386547685,,,,,,,
21.96627691246511,,,,,,,
23.958412522350866,,,,,,,
24.251435608323376,,,,,,,
24.61749712170386,,,,,,,
23.9080670384139,,,,,,,
24.614846232468217,,,,,,,
23.26106971275619,,,,,,,
23.192372793257547,,,,,,,
23.567362278217946,,,,,,,
24.36518574368467,,,,,,,
22.5677457062018,,,,,,,
24.718137598673096,,,,,,,
22.429145955820765,,,,,,,
23.20826627810481,,,,,,,
25.150144639628817,,,,,,,
23.030009889596517,,,,,,,
23.33535175314694,,,,,,,
23.861156918838603,,,,,,,
25.19732826800542,,,,,,,
24.41490669647565,,,,,,,
23.99015485152247,,,,,,,
22.56981833584525,,,,,,,
24.322050779261183,,,,,,,
24.47088380295634,,,,,,,
24.18805977512813,,,,,,,
22.83323587326762,,,,,,,
24.45393445223724,,,,,,,
23.63618025556961,,,,,,,
23.78316400937969,,,,,,,
24.00105369214813,,,,,,,
23.567836872595848,,,,,,,
22.96158794063145,,,,,,,
20.68888957189845,,,,,,,
24.98995491262064,,,,,,,
24.349962151466816,,,,,,,
23.094506985559896,,,,,,,
22.241671413656576,,,,,,,
25.94720735475096,,,,,,,
24.776637322676795,,,,,,,
23.329499315843385,,,,,,,
24.08756208443411,,,,,,,
23.25284275783429,,,,,,,
24.38386959126204,,,,,,,
23.245147786302173,,,,,,,
24.04497635752696,,,,,,,
21.69572173190081,,,,,,,
22.64147069960585,,,,,,,
23.542643421130546,,,,,,,
23.968706204831516,,,,,,,
24.254345974257152,,,,,,,
24.753034624544675,,,,,,,
22.023208980921755,,,,,,,
23.478440522161208,,,,,,,
23.9491571785391,,,,,,,
22.936325469602025,,,,,,,
24.40633537676543,,,,,,,
25.64952621681292,,,,,,,
23.146041101350715,,,,,,,
23.96168835573829,,,,,,,
23.865181410464466,,,,,,,
24.598061276429902,,,,,,,
25.848668409452223,,,,,,,
23.572006129947265,,,,,,,
24.33142856018235,,,,,,,
23.52466685461317,,,,,,,
23.045244829085537,,,,,,,
24.76795153406735,,,,,,,
23.705007144316884,,,,,,,
23.5816575616139,,,,,,,
22.539496799000148,,,,,,,
23.337357517780365,,,,,,,
23.63077277219648,,,,,,,
21.050626876046557,,,,,,,
22.929529461481867,,,,,,,
21.62975822658633,,,,,,,
22.46192809439154,,,,,,,
23.426220418927706,,,,,,,
22.749709085029377,,,,,,,
24.088301946048105,,,,,,,
23.59173704413456,,,,,,,
23.397062226191863,,,,,,,
24.018024758555946,,,,,,,
24.010500325836794,,,,,,,
23.72209263479761,,,,,,,
23.89131313984869,,,,,,,
21.91796492599018,,,,,,,
23.612414115990795,,,,,,,
22.40356192394515,,,,,,,
23.51325599143937,,,,,,,
23.962447750058207,,,,,,,
23.35285640456508,,,,,,,
24.356282750553618,,,,,,,
22.593888874212887,,,,,,,
24.952567101297287,,,,,,,
23.69867661180257,,,,,,,
22.428287269692284,,,,,,,
24.23216309266752,,,,,,,
23.179522782139664,,,,,,,
22.173723866948663,,,,,,,
24.494450345800445,,,,,,,
22.231125132517167,,,,,,,
21.54018919565617,,,,,,,
23.53442195462296,,,,,,,
23.55189193118263,,,,,,,
25.11499776380941,,,,,,,
23.08602399559341,,,,,,,
23.75882031553502,,,,,,,
22.742517216441986,,,,,,,
24.51629433577279,,,,,,,
24.88563813957025,,,,,,,
23.598344154237136,,,,,,,
23.63483652350217,,,,,,,
21.608933898990795,,,,,,,
21.36430407234395,,,,,,,
24.685609544562,,,,,,,
24.40010239751578,,,,,,,
22.00444266321433,,,,,,,
23.50004396124693,,,,,,,
23.282560890428066,,,,,,,
22.64580913970549,,,,,,,
23.19253109308928,,,,,,,
24.255089492894303,,,,,,,
24.358330857479768,,,,,,,
22.689731846152164,,,,,,,
23.587508070592403,,,,,,,
23.82723876033616,,,,,,,
22.47708352914344,,,,,,,
24.4429729015171,,,,,,,
23.45149863225684,,,,,,,
23.201838753462223,,,,,,,
23.26943938916428,,,,,,,
22.468860745436,,,,,,,
23.012647264278872,,,,,,,
22.803327586093683,,,,,,,
23.961635585841908,,,,,,,
23.61159291040276,,,,,,,
22.73093416028872,,,,,,,
24.422959418618078,,,,,,,
26.549641508446683,,,,,,,
24.31570744990117,,,,,,,
22.695257384904973,,,,,,,
22.93434412554212,,,,,,,
25.55844416534964,,,,,,,
22.6915271044734,,,,,,,
24.681577153560905,,,,,,,
23.43396867452145,,,,,,,
23.563726028424856,,,,,,,
23.42723402931745,,,,,,,
25.351024640115885,,,,,,,
23.142067108472343,,,,,,,
25.43517088195537,,,,,,,
23.79573390562699,,,,,,,
22.096059550421625,,,,,,,
24.2050207068078,,,,,,,
24.072370184599265,,,,,,,
23.111524688627867,,,,,,,
24.832134081755765,,,,,,,
23.32645173335069,,,,,,,
23.66868481365733,,,,,,,
22.950104673928752,,,,,,,
23.827460707550596,,,,,,,
22.90716193589276,,,,,,,
23.81749553735149,,,,,,,
23.54611113034088,,,,,,,
22.300096784575175,,,,,,,
22.03446190325046,,,,,,,
24.818093020258715,,,,,,,
23.404681068126315,,,,,,,
24.7800367729898,,,,,,,
22.84479564622919,,,,,,,
21.872442051884363,,,,,,,
21.953447613928947,,,,,,,
23.514501445301267,,,,,,,
22.432673728000463,,,,,,,
22.80464101502025,,,,,,,
24.611651456385395,,,,,,,
22.25167903621079,,,,,,,
23.504632545388137,,,,,,,
22.035797411888424,,,,,,,
25.345629949165,,,,,,,
23.2875336287004,,,,,,,
23.485945914608013,,,,,,,
25.165466771708505,,,,,,,
24.58609762350182,,,,,,,
23.40911287459181,,,,,,,
23.40363132134198,,,,,,,
23.91511108743424,,,,,,,
24.09591589741183,,,,,,,
23.50501812010676,,,,,,,
23.74215388314821,,,,,,,
22.482823872319617,,,,,,,
