temperature_mean_C,vibration-index_red_vibration,vibration-index_green_vibration,vibration-index_blue_vibration,fill_level_grams_red,fill_level_grams_green,fill_level_grams_blue,predicted_final_weight
23.045409036437004,102.8234972359449,-1.966956236128354,-0.5035166565437592,638.6676733161936,0.0,0.0,9.91997784522257
24.043059587677103,105.05043558594892,2.212708595298899,3.9669211586533,628.0853541333871,0.0,0.0,11.118743405936991
23.664343017276757,100.82473815534408,5.852235475593218,3.9122462386987,618.2951304500092,0.0,0.0,11.014887695161063
23.05221719575832,107.09705269821252,3.295359851586269,3.518469219696556,607.8376805390636,0.0,0.0,11.242820930341209
23.548794766017284,96.87706333483936,4.412110262225923,3.10883305553196,597.7847345091858,0.0,0.0,10.376164407933981
23.16951368368602,103.38071856282455,1.2153803334987998,2.00434420633745,587.6107297870864,0.0,0.0,10.520417558436362
23.71621917717296,101.80643174565246,4.185637021525643,6.53201214433831,577.27007462205,0.0,0.0,11.178157281339235
23.403509376247676,97.67592000746268,2.314976398038944,4.958754436056374,567.4019367793817,0.0,0.0,10.385308675623348
22.86383577624177,101.12335495610898,4.135469033273857,4.102729007413252,557.3781715864743,0.0,0.0,10.74309818553613
23.48734852624436,99.85580184467489,0.1157918351797278,4.291403227017803,547.384719386022,0.0,0.0,10.303779554812044
23.2231275235076,99.8701340471714,3.370105003385873,2.7056250289931967,537.352466008167,0.0,0.0,10.434143549706809
24.676966084916177,92.66295278608445,2.8511591092369244,5.571380386885103,527.7339824009911,0.0,0.0,10.141234119005947
23.30909416895893,96.51662677903512,-2.461737956397883,2.2233930227144114,517.9437428112794,800.0,0.0,9.509679632456503
23.96505082654757,102.53001468932564,147.17481378419987,3.787806161019368,507.5504803930267,785.0312238603054,0.0,25.392645079494365
23.57066648745112,101.0599925830264,150.0775583581874,3.222605215771324,497.52071406475886,770.1309065960589,0.0,25.42831644525653
23.875340289686765,95.73325629329295,147.57223798449348,1.0488295851822187,487.91474551662657,755.2335474403483,0.0,24.471739171937504
23.55480965562028,102.27926547978336,144.74954579539866,5.5042546842939615,477.71768734821353,740.5605941835829,0.0,25.218736494150765
23.568700730014104,100.14858736310204,148.6676116041213,1.007062780347404,467.5399313233449,725.4475294827189,0.0,24.951073391830015
23.970955310060244,103.04968563426884,154.02953830683273,5.49620926343443,457.35072631282446,710.339206507426,0.0,26.26172426324325
22.94609949410678,105.66185326703292,147.4207332324807,1.2342596498154634,447.12727650077375,695.6169152622933,0.0,25.2886059439166
23.664735687944148,96.56861103190718,148.4036797701688,2.555566557185287,437.2797077073373,680.5905789935268,0.0,24.717473466279397
23.80305809383279,95.75057622935688,149.82129406111636,5.575039322014931,427.5858750990873,665.3708049753185,0.0,25.09081160702676
22.85851709803704,104.29246607079033,148.9758301781229,4.236834796094065,417.5209268398176,650.358379710289,0.0,25.575476854067514
23.58489618155996,101.2594331661261,150.88288016631228,5.954935508880766,407.5215607638866,635.2006435599111,0.0,25.726179441811198
23.00541868599893,97.0117535557159,148.72294833038333,1.5336463978153605,398.0122975544125,620.1005662656091,0.0,24.57515645594646
23.94493339897353,103.1015686193656,151.0050013193083,1.1151545355046366,387.7397939283128,605.1904171836742,0.0,25.462570086609503
24.625388503721265,98.6654529300382,156.37794003583176,3.0948042814937367,377.71537457037135,589.8303200223944,0.0,25.846456427445524
23.08632030122331,105.03241410428296,151.8132371321797,2.6935136577142917,367.37422717888256,574.6572216459542,0.0,25.76466837219379
22.82613117443657,100.9699498769492,152.23455002388684,1.8118689618006485,357.5608097135829,559.7014255993777,0.0,25.28403325794542
23.580010702049616,104.25273421867844,152.47179137225805,5.439605538942942,347.3371204664713,544.792037384746,0.0,26.07342249126051
22.683639917749385,99.6158411305852,150.7844144951314,5.696039566498754,337.5051296154493,529.9709431747488,0.0,25.359019499417936
22.98409917149605,99.04530808751792,147.86374323177847,2.470310333265317,327.4666150983143,515.221452206418,0.0,24.71661844576969
23.908992141106705,98.23118905778242,150.3703122644199,4.6604394272127365,317.37005213737353,500.2767811465344,0.0,25.214814690348955
23.039726480009357,99.07396460982488,150.3813523010562,3.8267773187248935,307.7244195549364,485.1112616798084,0.0,25.098257751560627
23.403091149485537,101.81195998628024,147.50035561977708,5.374334875530828,297.62737888816883,469.7258982830706,0.0,25.264791077514328
23.21528760429196,105.59013171431543,153.86976567564727,1.3839831878597124,287.3429168139824,454.5820171377962,0.0,25.843053657050408
24.986803836810708,105.53692288118906,150.42626699291282,5.972636246964846,276.9207484164015,439.7055089885058,0.0,26.160070291332456
22.188617361409097,104.82992916107108,154.77654066316052,7.264414476445708,266.9234732912476,424.5907994933872,0.0,26.301898198052925
22.755816023599674,96.98072331650974,154.79463491661497,1.2769341264383058,257.33083317670884,409.3230555286471,0.0,25.006905880448176
22.852500134370437,101.74910646281978,152.49688854888558,4.853213541963541,247.6176802261036,394.0233984507144,0.0,25.59874534847882
22.89560890040464,106.19125389646584,152.64664635092896,3.383914395048784,237.2408666540052,378.6536190344131,0.0,25.895091363999555
23.899805582161616,102.64041683123882,156.27593583267242,4.760916435204443,227.03798771204217,363.5081046134733,0.0,26.169348992653962
23.331406119876096,106.28082810287827,152.05258468005,6.334783636927966,216.742386364817,348.62044368012647,0.0,26.17493650739223
21.776429200787263,100.34328955387214,149.60663499410148,-1.898822969097104,207.241267676792,333.8394097402292,800.0,24.68626507492245
23.77429092132571,98.72522345807796,153.94236816197275,198.2548345118128,197.3034935718144,318.8183194025667,780.5291903271947,45.156070433225594
22.32626514692382,102.33844044637684,156.0993422619503,201.20820205606103,187.488658471864,303.3214092713546,760.3009565491628,45.821112884203565
23.15811000065411,101.07699032124192,148.8487558446303,201.4563668844197,177.59200489281594,288.4058953265324,740.3270750223396,45.079234793274004
22.4501199322919,104.10421312514218,154.75653147777493,200.0548979885221,167.82099762336645,273.0078713144493,720.2911625310047,45.72302890530325
24.75897775539646,96.70556745127551,154.414823746175,204.0419744550801,157.77288030875974,257.86867168053686,700.0297232106922,45.637372308468436
22.818778875680028,96.06624749939564,153.0699849390641,197.151557466576,148.69373530760592,243.0699463028052,680.1758684590518,44.49484465659652
23.14424871514626,107.52294380401632,148.99517991584366,195.1700005207083,138.3531091377556,228.29646675887756,660.3752112864664,45.02199183669648
23.48745490121772,92.4750764796003,153.45628446562245,201.92414978679375,129.27215389766133,212.96424680677856,640.296637832678,44.70974825223806
23.291900648643686,106.55492467360224,161.41054425134445,202.87198426065945,118.90789057098594,197.5703950687411,620.0445072885184,46.93013230805344
23.814463030228783,99.6117350712332,156.50961482485448,197.61468031781664,109.13848924768432,182.29797770887376,600.1867714563253,45.28596010720354
22.462351879845347,100.3751451250374,151.89631622860935,201.90595441037604,99.5239881432536,167.58511319024345,580.2418772496586,45.13813107173726
22.5738219425433,103.66751012436832,155.3004596631833,205.26627135651628,89.562647357144,152.16975268960442,559.9062330271612,46.131966336290404
22.236415976171667,106.1816335852202,148.91711550829103,201.84275021784453,79.53137303590754,137.3212395591584,540.0065464469553,45.332394274235824
22.91894058951937,108.19134154148094,154.720710293698,202.16603356911503,69.18092201021648,122.29244320566065,519.7897710454648,46.21128879055091
24.14165898551185,107.4384256335888,153.92543765302074,196.20522640767345,58.55122656116357,107.3738872754173,499.9286819411234,45.59785480736279
22.988972343965177,103.80259370148936,155.70577282108255,198.8982987590809,48.83934533709562,92.18548540251936,480.1318193206093,45.53224111747564
22.573863054364807,106.70947349090918,155.74601566223438,202.46335072969964,38.74400021152926,77.1468496430508,459.8010402361844,46.10471725857831
23.271784691780567,101.2118644673604,153.3170534008958,192.6626309139085,29.071482547876336,61.9157663973327,440.5912354388768,44.418960277579316
23.032198746193544,100.79392394224196,155.79905229286695,199.48597411960333,19.31182185163111,46.776120188828685,420.7594067444176,45.261776398031145
22.872162625170827,107.52026700896366,152.87664053630286,200.31508971139067,9.373082635870762,32.0113240575928,400.9342022923216,45.66594324073637
23.06567926327379,2.901737409694526,151.68955739245345,206.2945375953645,0.0,17.053052710860598,380.60694975228415,35.99263718099198
23.065413166724003,1.293738211672185,152.76814207992834,202.71133172051051,0.0,2.080350914643951,360.5353465595359,35.57809293512513
23.717920929221965,1.70238871015696,4.514392080609525,198.6385331137805,0.0,0.0,340.85635234086635,20.35272794353997
23.51305876632773,2.317248840908846,5.73805316432896,199.6654450228197,0.0,0.0,321.0454329964165,20.60375793923347
23.35815054757332,2.1752258906475603,4.9307660981514445,198.58465021432767,0.0,0.0,301.20599321992427,20.372783251057285
23.404722437959197,2.137329792410874,0.2836953875090913,205.37862696170117,0.0,0.0,281.13256886326974,20.57540668693452
22.773349086469768,2.3790931435579665,0.4359048933729283,195.63168525315868,0.0,0.0,261.7290843156783,19.55510212914773
23.51809105944783,5.70227305698139,4.835167098025522,208.63257379291832,0.0,0.0,241.2848151806153,21.700716563595787
23.610767164659773,2.503185600476371,5.529727448487058,205.28606296747049,0.0,0.0,220.99814528571187,21.128853876588185
22.62026427296885,5.918892519297067,5.260217532301319,202.08893044828707,0.0,0.0,200.89276392772868,20.982388319203125
23.34299009661019,-1.627248716242029,6.727116830850733,201.96020635159897,800.0,0.0,180.9776108507442,21.087299661289038
22.773667854322166,101.9998491408255,6.630210930120413,199.9333242905764,789.8435144992436,0.0,161.14751213435426,30.84860709604881
22.89821308494602,97.71557714125426,4.255725313048494,201.5969998268364,780.0264965340637,0.0,141.02469426541853,30.35830856239091
23.560614709234983,97.45718435662006,3.558675034099018,201.58465021328183,769.9889992193583,0.0,121.24746582753474,30.327537181147164
22.65887903424884,103.85314825909244,2.244127504238527,205.46531410385256,759.761043603435,0.0,100.55556640323132,31.073776656085627
23.95168759777378,100.45098527157242,4.41013129415272,198.0792568237193,749.7093005946228,0.0,80.59006278574202,30.369137117743357
24.748435107034865,96.21127856548866,0.289662938264513,203.35578961370203,739.7621007767654,0.0,60.70507454703175,30.151177964986502
22.6974866308796,101.69444149637376,5.756797827822233,198.68869031885305,729.687364576963,0.0,41.03573841132936,30.497114249593082
24.34844089618744,100.81090469979308,5.742899646840812,204.8191242916569,719.3884982609258,0.0,21.10759040617217,31.20965067240587
22.611936576739,97.72213774494996,4.308745332560335,202.99741681704063,709.5543473647112,0.0,0.8927093457618085,30.351102281867078
23.348940821783174,105.42545318708105,0.702638037032699,5.8738546916181065,698.9933439403125,0.0,0.0,11.162014100217016
22.457462142458265,97.97349289564973,5.255697064918763,3.5253050715075744,689.3585780738177,0.0,0.0,10.544560348344906
23.333965582267297,104.66658427486176,2.9534831487897506,5.327648145250095,679.1291813954194,0.0,0.0,11.24326496425495
22.32512865448957,102.99298458344204,4.051362740280943,4.351621923231043,669.0419502482405,0.0,0.0,10.960745291828855
23.217132878500184,99.71873995969716,3.790871213763992,5.593087408663145,659.0797461448961,0.0,0.0,10.84359859722032
23.23218949295412,90.27058484379228,5.237584374459843,2.9900477754444594,649.8240169413793,0.0,0.0,9.807130855031676
23.453378769120345,104.44983540720833,0.9259476084859912,5.338393433778407,639.3092596104602,0.0,0.0,11.002998873666343
22.71833252875032,97.96550088284954,3.125476918298673,2.4468866804273333,629.5093575453286,0.0,0.0,10.207635697693275
24.17102151471184,95.53259543053616,4.056048726247568,4.270437449873718,619.8062985152989,0.0,0.0,10.420090709682695
23.78728749366817,94.11397802209645,4.291488184771595,4.673249911420768,610.0778978311555,0.0,0.0,10.29096857268358
22.725194332010226,97.72529397706882,0.0776169920579477,1.9753485602532024,600.4970734337587,0.0,0.0,9.808642297717274
23.629986298635668,104.8292491342665,2.444622775460644,3.39401179469413,589.9145158087438,0.0,0.0,10.982472799131653
23.64239122986744,105.43559998106392,4.613820964730664,1.8150820386315587,579.5485839020906,0.0,0.0,11.09584784470337
24.053309285340287,101.3810975923348,0.5720433442357944,1.2118123893412402,569.2678841481696,0.0,0.0,10.278101214441751
23.12962208917989,104.04513514049546,5.203862565010013,4.278560640317643,559.1234723090504,0.0,0.0,11.186301608904202
23.60781334828269,99.45427035768768,4.307622727723171,6.068237745313816,549.2536700308412,0.0,0.0,10.880584983298094
22.786556499917907,99.64071088141124,4.412042798613022,4.336432233698673,539.2208445894223,0.0,0.0,10.626595413222125
23.261213932141956,98.35751763471713,4.411017165274394,1.9621804857664744,529.2993093158653,0.0,0.0,10.316467129639289
22.921398748609366,105.37049239733096,1.2688583284065444,0.6450662457686818,519.11244227739,800.0,0.0,10.540297585881422
23.71880577200985,99.80511116050424,145.43220998365788,6.277597400892077,509.14046912246806,785.3572750854078,0.0,25.171503012769623
22.823550586492143,99.72654137122989,152.4962300417071,4.505155360364462,499.06950430836577,770.3115963890391,0.0,25.578657782934354
23.33486046681232,95.11171641821018,148.33586512945112,1.577851338130699,489.5689416582756,755.182529771323,0.0,24.47513486493573
22.858694724721744,100.80889398433968,149.00975662900993,6.691092599849625,479.78605715662064,740.0689695567834,0.0,25.538419509122416
23.44841040218759,101.90262457861049,156.1695928433992,6.135138020665565,469.54075765851815,724.9544230044119,0.0,26.374851558877356
23.13740263989621,103.47372515685431,149.26749607784515,5.121655613770884,459.310324661358,710.1267294910105,0.0,25.683805277677298
22.41116054368364,97.77262067441572,144.90188430606025,1.1687469107478563,449.4845684786193,695.5331242396492,0.0,24.197770497398796
23.230548211949685,103.34353939491832,152.0682211154486,1.600159080883131,439.42118087131865,680.3203097483123,0.0,25.596681249805286
24.09199465279501,100.46588995777896,151.50446034169664,1.8558409514228489,429.3003792447885,665.1782248151229,0.0,25.384496519386026
22.967588487932705,103.8192425511684,147.03702380317296,1.8032649612523957,419.4084458037857,650.429171837761,0.0,25.106630793935576
23.524587445099183,98.477608169921,145.8991133595589,2.566008546027959,409.7197959122649,635.6621690564098,0.0,24.610465945718317
22.763547286512125,109.48970095653344,154.38915494313252,4.594176482494149,399.3765443290626,620.569917773208,0.0,26.633450200028562
22.985052652033072,103.52198534659124,150.51736640941024,2.6499928731220166,389.43843769695286,605.6512739084601,0.0,25.489315017782737
22.801121162286705,104.70760164140592,149.4404212522029,6.111641770028115,379.175468643808,590.4517533025013,0.0,25.809524680113746
21.34398659934449,100.21304795941094,157.14651510040193,6.316834214597648,392.5081196380984,186.569564532213,0.0,25.97824408069621
21.760668544107205,105.8898703246675,160.40510448690682,4.398595047655078,382.4138029475489,171.22691304274431,0.0,26.70946566455343
24.043059587677103,102.8234972359449,-1.966956236128354,-0.5035166565437592,638.6676733161936,0.0,0.0,10.044029323441299
23.664343017276757,105.05043558594892,2.212708595298899,3.9669211586533,628.0853541333871,0.0,0.0,11.07165241768896
23.05221719575832,100.82473815534408,5.852235475593218,3.9122462386987,618.2951304500092,0.0,0.0,10.93877375634669
23.548794766017284,107.09705269821252,3.295359851586269,3.518469219696556,607.8376805390636,0.0,0.0,11.304567181635628
23.16951368368602,96.87706333483936,4.412110262225923,3.10883305553196,597.7847345091858,0.0,0.0,10.32900322623052
23.71621917717296,103.38071856282455,1.2153803334987998,2.00434420633745,587.6107297870864,0.0,0.0,10.588396897026465
23.403509376247676,101.80643174565246,4.185637021525643,6.53201214433831,577.27007462205,0.0,0.0,11.13927381356583
22.86383577624177,97.67592000746268,2.314976398038944,4.958754436056374,567.4019367793817,0.0,0.0,10.318203708104273
23.48734852624436,101.12335495610898,4.135469033273857,4.102729007413252,557.3781715864743,0.0,0.0,10.820628016226747
23.2231275235076,99.85580184467489,0.1157918351797278,4.291403227017803,547.384719386022,0.0,0.0,10.27092535959791
24.676966084916177,99.8701340471714,3.370105003385873,2.7056250289931967,537.352466008167,0.0,0.0,10.614919095222161
23.30909416895893,92.66295278608445,2.8511591092369244,5.571380386885103,527.7339824009911,0.0,0.0,9.971147977142492
23.96505082654757,96.51662677903512,-2.461737956397883,2.2233930227144114,517.9437428112794,800.0,0.0,9.59124365597169
23.57066648745112,102.53001468932564,147.17481378419987,3.787806161019368,507.5504803930267,785.0312238603054,0.0,25.343605904213586
23.875340289686765,101.0599925830264,150.0775583581874,3.222605215771324,497.52071406475886,770.1309065960589,0.0,25.466200687885244
23.55480965562028,95.73325629329295,147.57223798449348,1.0488295851822187,487.91474551662657,755.2335474403483,0.0,24.431883233481994
23.568700730014104,102.27926547978336,144.74954579539866,5.5042546842939615,477.71768734821353,740.5605941835829,0.0,25.220463760587354
23.970955310060244,100.14858736310204,148.6676116041213,1.007062780347404,467.5399313233449,725.4475294827189,0.0,25.001091181338523
22.94609949410678,103.04968563426884,154.02953830683273,5.49620926343443,457.35072631282446,710.339206507426,0.0,26.134289984003832
23.664735687944148,105.66185326703292,147.4207332324807,1.2342596498154634,447.12727650077375,695.6169152622933,0.0,25.37796376769186
23.80305809383279,96.56861103190718,148.4036797701688,2.555566557185287,437.2797077073373,680.5905789935268,0.0,24.734672974564067
22.85851709803704,95.75057622935688,149.82129406111636,5.575039322014931,427.5858750990873,665.3708049753185,0.0,24.97336396303859
23.58489618155996,104.29246607079033,148.9758301781229,4.236834796094065,417.5209268398176,650.358379710289,0.0,25.665797456753673
23.00541868599893,101.2594331661261,150.88288016631228,5.954935508880766,407.5215607638866,635.2006435599111,0.0,25.654125113941106
23.94493339897353,97.0117535557159,148.72294833038333,1.5336463978153605,398.0122975544125,620.1005662656091,0.0,24.691979113747703
24.625388503721265,103.1015686193656,151.0050013193083,1.1151545355046366,387.7397939283128,605.1904171836742,0.0,25.547180335659643
23.08632030122331,98.6654529300382,156.37794003583176,3.0948042814937367,377.71537457037135,589.8303200223944,0.0,25.655083120066514
22.82613117443657,105.03241410428296,151.8132371321797,2.6935136577142917,367.37422717888256,574.6572216459542,0.0,25.732315515019287
23.580010702049616,100.9699498769492,152.23455002388684,1.8118689618006485,357.5608097135829,559.7014255993777,0.0,25.377773365323687
22.683639917749385,104.25273421867844,152.47179137225805,5.439605538942942,347.3371204664713,544.792037384746,0.0,25.961964505609817
22.98409917149605,99.6158411305852,150.7844144951314,5.696039566498754,337.5051296154493,529.9709431747488,0.0,25.396379689842767
23.908992141106705,99.04530808751792,147.86374323177847,2.470310333265317,327.4666150983143,515.221452206418,0.0,24.831622983111643
23.039726480009357,98.23118905778242,150.3703122644199,4.6604394272127365,317.37005213737353,500.2767811465344,0.0,25.106727053761308
23.403091149485537,99.07396460982488,150.3813523010562,3.8267773187248935,307.7244195549364,485.1112616798084,0.0,25.14343982891722
23.21528760429196,101.81195998628024,147.50035561977708,5.374334875530828,297.62737888816883,469.7258982830706,0.0,25.2414389053865
24.986803836810708,105.59013171431543,153.86976567564727,1.3839831878597124,287.3429168139824,454.5820171377962,0.0,26.063330393287618
22.188617361409097,105.53692288118906,150.42626699291282,5.972636246964846,276.9207484164015,439.7055089885058,0.0,25.81213366344833
22.755816023599674,104.82992916107108,154.77654066316052,7.264414476445708,266.9234732912476,424.5907994933872,0.0,26.372425731367034
22.852500134370437,96.98072331650974,154.79463491661497,1.2769341264383058,257.33083317670884,409.3230555286471,0.0,25.018927932504848
22.89560890040464,101.74910646281978,152.49688854888558,4.853213541963541,247.6176802261036,394.0233984507144,0.0,25.6041056483795
23.899805582161616,106.19125389646584,152.64664635092896,3.383914395048784,237.2408666540052,378.6536190344131,0.0,26.019956811765258
23.331406119876096,102.64041683123882,156.27593583267242,4.760916435204443,227.03798771204217,363.5081046134733,0.0,26.09867214751254
21.776429200787263,106.28082810287827,152.05258468005,6.334783636927966,216.742386364817,348.62044368012647,0.0,25.98158505264768
23.77429092132571,100.34328955387214,149.60663499410148,-1.898822969097104,207.241267676792,333.8394097402292,800.0,24.934686427871473
22.32626514692382,98.72522345807796,153.94236816197275,198.2548345118128,197.3034935718144,318.8183194025667,780.5291903271947,44.976017670672526
23.15811000065411,102.33844044637684,156.0993422619503,201.20820205606103,187.488658471864,303.3214092713546,760.3009565491628,45.92454748224555
22.4501199322919,101.07699032124192,148.8487558446303,201.4563668844197,177.59200489281594,288.4058953265324,740.3270750223396,44.99120074724923
24.75897775539646,104.10421312514218,154.75653147777493,200.0548979885221,167.82099762336645,273.0078713144493,720.2911625310047,46.01012063857296
22.818778875680028,96.70556745127551,154.414823746175,204.0419744550801,157.77288030875974,257.86867168053686,700.0297232106922,45.39612096172386
23.14424871514626,96.06624749939564,153.0699849390641,197.151557466576,148.69373530760592,243.0699463028052,680.1758684590518,44.535314753717415
23.48745490121772,107.52294380401632,148.99517991584366,195.1700005207083,138.3531091377556,228.29646675887756,660.3752112864664,45.06466733530975
23.291900648643686,92.4750764796003,153.45628446562245,201.92414978679375,129.27215389766133,212.96424680677856,640.296637832678,44.685432329118875
23.814463030228783,106.55492467360224,161.41054425134445,202.87198426065945,118.90789057098594,197.5703950687411,620.0445072885184,46.995109604779785
22.462351879845347,99.6117350712332,156.50961482485448,197.61468031781664,109.13848924768432,182.29797770887376,600.1867714563253,45.117833715940996
22.5738219425433,100.3751451250374,151.89631622860935,201.90595441037604,99.5239881432536,167.58511319024345,580.2418772496586,45.15199166253995
22.236415976171667,103.66751012436832,155.3004596631833,205.26627135651628,89.562647357144,152.16975268960442,559.9062330271612,46.090012057975024
22.91894058951937,106.1816335852202,148.91711550829103,201.84275021784453,79.53137303590754,137.3212395591584,540.0065464469553,45.41726185347107
24.14165898551185,108.19134154148094,154.720710293698,202.16603356911503,69.18092201021648,122.29244320566065,519.7897710454648,46.363326018696135
22.988972343965177,107.4384256335888,153.92543765302074,196.20522640767345,58.55122656116357,107.3738872754173,499.9286819411234,45.45452558088253
22.573863054364807,103.80259370148936,155.70577282108255,198.8982987590809,48.83934533709562,92.18548540251936,480.1318193206093,45.48062492688341
23.271784691780567,106.70947349090918,155.74601566223438,202.46335072969964,38.74400021152926,77.1468496430508,459.8010402361844,46.19149935947991
23.032198746193544,101.2118644673604,153.3170534008958,192.6626309139085,29.071482547876336,61.9157663973327,440.5912354388768,44.38916929448052
22.872162625170827,100.79392394224196,155.79905229286695,199.48597411960333,19.31182185163111,46.776120188828685,420.7594067444176,45.24187692786438
23.06567926327379,107.52026700896366,152.87664053630286,200.31508971139067,9.373082635870762,32.0113240575928,400.9342022923216,45.69000579950181
23.065413166724003,2.901737409694526,151.68955739245345,206.2945375953645,0.0,17.053052710860598,380.60694975228415,35.99260409358446
23.717920929221965,1.293738211672185,152.76814207992834,202.71133172051051,0.0,2.080350914643951,360.5353465595359,35.65922811054948
23.51305876632773,1.70238871015696,4.514392080609525,198.6385331137805,0.0,0.0,340.85635234086635,20.327254641183224
23.35815054757332,2.317248840908846,5.73805316432896,199.6654450228197,0.0,0.0,321.0454329964165,20.584496090983272
23.404722437959197,2.1752258906475603,4.9307660981514445,198.58465021432767,0.0,0.0,301.20599321992427,20.378574168366583
22.773349086469768,2.137329792410874,0.2836953875090913,205.37862696170117,0.0,0.0,281.13256886326974,20.496899440621853
23.51809105944783,2.3790931435579665,0.4359048933729283,195.63168525315868,0.0,0.0,261.7290843156783,19.647706039930544
23.610767164659773,5.70227305698139,4.835167098025522,208.63257379291832,0.0,0.0,241.2848151806153,21.712240245743615
22.62026427296885,2.503185600476371,5.529727448487058,205.28606296747049,0.0,0.0,220.99814528571187,21.005691164212145
23.34299009661019,5.918892519297067,5.260217532301319,202.08893044828707,0.0,0.0,200.89276392772868,21.072254662341123
22.773667854322166,-1.627248716242029,6.727116830850733,201.96020635159897,800.0,0.0,180.9776108507442,21.01650807434425
22.89821308494602,101.9998491408255,6.630210930120413,199.9333242905764,789.8435144992436,0.0,161.14751213435426,30.864093500526586
23.560614709234983,97.71557714125426,4.255725313048494,201.5969998268364,780.0264965340637,0.0,141.02469426541853,30.440673976378193
22.65887903424884,97.45718435662006,3.558675034099018,201.58465021328183,769.9889992193583,0.0,121.24746582753474,30.215412105582836
23.95168759777378,103.85314825909244,2.244127504238527,205.46531410385256,759.761043603435,0.0,100.55556640323132,31.2345291491903
24.748435107034865,100.45098527157242,4.41013129415272,198.0792568237193,749.7093005946228,0.0,80.59006278574202,30.46820758502077
22.6974866308796,96.21127856548866,0.289662938264513,203.35578961370203,739.7621007767654,0.0,60.70507454703175,29.896155612819946
24.34844089618744,101.69444149637376,5.756797827822233,198.68869031885305,729.687364576963,0.0,41.03573841132936,30.702399874733445
22.611936576739,100.81090469979308,5.742899646840812,204.8191242916569,719.3884982609258,0.0,21.10759040617217,30.993727444084072
23.348940821783174,97.72213774494996,4.308745332560335,202.99741681704063,709.5543473647112,0.0,0.8927093457618085,30.44274405556986
22.457462142458265,105.42545318708105,0.702638037032699,5.8738546916181065,698.9933439403125,0.0,0.0,11.05116441659456
23.333965582267297,97.97349289564973,5.255697064918763,3.5253050715075744,689.3585780738177,0.0,0.0,10.653547956517883
22.32512865448957,104.66658427486176,2.9534831487897506,5.327648145250095,679.1291813954194,0.0,0.0,11.117822531514442
23.217132878500184,102.99298458344204,4.051362740280943,4.351621923231043,669.0419502482405,0.0,0.0,11.07166032357852
23.23218949295412,99.71873995969716,3.790871213763992,5.593087408663145,659.0797461448961,0.0,0.0,10.845470791123944
23.453378769120345,90.27058484379228,5.237584374459843,2.9900477754444594,649.8240169413793,0.0,0.0,9.834634329710704
22.71833252875032,104.44983540720833,0.9259476084859912,5.338393433778407,639.3092596104602,0.0,0.0,10.911600565347186
24.17102151471184,97.96550088284954,3.125476918298673,2.4468866804273333,629.5093575453286,0.0,0.0,10.388268300839325
23.78728749366817,95.53259543053616,4.056048726247568,4.270437449873718,619.8062985152989,0.0,0.0,10.372375833472672
22.725194332010226,94.11397802209645,4.291488184771595,4.673249911420768,610.0778978311555,0.0,0.0,10.158904067185238
23.629986298635668,97.72529397706882,0.0776169920579477,1.9753485602532024,600.4970734337587,0.0,0.0,9.92114740363918
23.64239122986744,104.8292491342665,2.444622775460644,3.39401179469413,589.9145158087438,0.0,0.0,10.984015273151831
24.053309285340287,105.43559998106392,4.613820964730664,1.8150820386315587,579.5485839020906,0.0,0.0,11.146942882083751
23.12962208917989,101.3810975923348,0.5720433442357944,1.2118123893412402,569.2678841481696,0.0,0.0,10.163246607332098
23.60781334828269,104.04513514049546,5.203862565010013,4.278560640317643,559.1234723090504,0.0,0.0,11.245761639762943
22.786556499917907,99.45427035768768,4.307622727723171,6.068237745313816,549.2536700308412,0.0,0.0,10.778466936141935
23.261213932141956,99.64071088141124,4.412042798613022,4.336432233698673,539.2208445894223,0.0,0.0,10.685616035264289
22.921398748609366,98.35751763471713,4.411017165274394,1.9621804857664744,529.2993093158653,0.0,0.0,10.274213280547553
23.71880577200985,105.37049239733096,1.2688583284065444,0.6450662457686818,519.11244227739,800.0,0.0,10.639450059532509
22.823550586492143,99.80511116050424,145.43220998365788,6.277597400892077,509.14046912246806,785.3572750854078,0.0,25.060183744706865
23.33486046681232,99.72654137122989,152.4962300417071,4.505155360364462,499.06950430836577,770.3115963890391,0.0,25.642235902951143
22.858694724721744,95.11171641821018,148.33586512945112,1.577851338130699,489.5689416582756,755.182529771323,0.0,24.415926694188936
23.44841040218759,100.80889398433968,149.00975662900993,6.691092599849625,479.78605715662064,740.0689695567834,0.0,25.61174688956386
23.13740263989621,101.90262457861049,156.1695928433992,6.135138020665565,469.54075765851815,724.9544230044119,0.0,26.336179728744263
22.41116054368364,103.47372515685431,149.26749607784515,5.121655613770884,459.310324661358,710.1267294910105,0.0,25.593501708488816
23.230548211949685,97.77262067441572,144.90188430606025,1.1687469107478563,449.4845684786193,695.5331242396492,0.0,24.299656123940323
24.09199465279501,103.34353939491832,152.0682211154486,1.600159080883131,439.42118087131865,680.3203097483123,0.0,25.7037966162633
22.967588487932705,100.46588995777896,151.50446034169664,1.8558409514228489,429.3003792447885,665.1782248151229,0.0,25.244683789672163
23.524587445099183,103.8192425511684,147.03702380317296,1.8032649612523957,419.4084458037857,650.429171837761,0.0,25.175890059032863
22.763547286512125,98.477608169921,145.8991133595589,2.566008546027959,409.7197959122649,635.6621690564098,0.0,24.51583545958348
22.985052652033072,109.48970095653344,154.38915494313252,4.594176482494149,399.3765443290626,620.569917773208,0.0,26.660992978401307
22.801121162286705,103.52198534659124,150.51736640941024,2.6499928731220166,389.43843769695286,605.6512739084601,0.0,25.466444311035122
22.47578918277321,104.70760164140592,149.4404212522029,6.111641770028115,379.175468643808,590.4517533025013,0.0,25.769071724998042
21.760668544107205,100.21304795941094,157.14651510040193,6.316834214597648,392.5081196380984,186.569564532213,0.0,26.0300558209199
22.11711183007425,105.8898703246675,160.40510448690682,4.398595047655078,382.4138029475489,171.22691304274431,0.0,26.753787112048638
23.664343017276757,102.8234972359449,-1.966956236128354,-0.5035166565437592,638.6676733161936,0.0,0.0,9.996938335193267
23.05221719575832,105.05043558594892,2.212708595298899,3.9669211586533,628.0853541333871,0.0,0.0,10.995538478874586
23.548794766017284,100.82473815534408,5.852235475593218,3.9122462386987,618.2951304500092,0.0,0.0,11.000520007641109
23.16951368368602,107.09705269821252,3.295359851586269,3.518469219696556,607.8376805390636,0.0,0.0,11.257405999932168
23.71621917717296,96.87706333483936,4.412110262225923,3.10883305553196,597.7847345091858,0.0,0.0,10.396982564820624
23.403509376247676,103.38071856282455,1.2153803334987998,2.00434420633745,587.6107297870864,0.0,0.0,10.549513429253059
22.86383577624177,101.80643174565246,4.185637021525643,6.53201214433831,577.27007462205,0.0,0.0,11.072168846046754
23.48734852624436,97.67592000746268,2.314976398038944,4.958754436056374,567.4019367793817,0.0,0.0,10.39573353879489
23.2231275235076,101.12335495610898,4.135469033273857,4.102729007413252,557.3781715864743,0.0,0.0,10.787773821012614
24.676966084916177,99.85580184467489,0.1157918351797278,4.291403227017803,547.384719386022,0.0,0.0,10.451700905113263
23.30909416895893,99.8701340471714,3.370105003385873,2.7056250289931967,537.352466008167,0.0,0.0,10.444832953358706
23.96505082654757,92.66295278608445,2.8511591092369244,5.571380386885103,527.7339824009911,0.0,0.0,10.052712000657678
23.57066648745112,96.51662677903512,-2.461737956397883,2.2233930227144114,517.9437428112794,800.0,0.0,9.54220448069091
23.875340289686765,102.53001468932564,147.17481378419987,3.787806161019368,507.5504803930267,785.0312238603054,0.0,25.3814901468423
23.55480965562028,101.0599925830264,150.0775583581874,3.222605215771324,497.52071406475886,770.1309065960589,0.0,25.426344749429735
23.568700730014104,95.73325629329295,147.57223798449348,1.0488295851822187,487.91474551662657,755.2335474403483,0.0,24.43361049991858
23.970955310060244,102.27926547978336,144.74954579539866,5.5042546842939615,477.71768734821353,740.5605941835829,0.0,25.270481550095862
22.94609949410678,100.14858736310204,148.6676116041213,1.007062780347404,467.5399313233449,725.4475294827189,0.0,24.873656902099107
23.664735687944148,103.04968563426884,154.02953830683273,5.49620926343443,457.35072631282446,710.339206507426,0.0,26.223647807779095
23.80305809383279,105.66185326703292,147.4207332324807,1.2342596498154634,447.12727650077375,695.6169152622933,0.0,25.39516327597653
22.85851709803704,96.56861103190718,148.4036797701688,2.555566557185287,437.2797077073373,680.5905789935268,0.0,24.61722533057589
23.58489618155996,95.75057622935688,149.82129406111636,5.575039322014931,427.5858750990873,665.3708049753185,0.0,25.063684565724746
23.00541868599893,104.29246607079033,148.9758301781229,4.236834796094065,417.5209268398176,650.358379710289,0.0,25.59374312888358
23.94493339897353,101.2594331661261,150.88288016631228,5.954935508880766,407.5215607638866,635.2006435599111,0.0,25.77094777174235
24.625388503721265,97.0117535557159,148.72294833038333,1.5336463978153605,398.0122975544125,620.1005662656091,0.0,24.776589362797843
23.08632030122331,103.1015686193656,151.0050013193083,1.1151545355046366,387.7397939283128,605.1904171836742,0.0,25.355807028280633
22.82613117443657,98.6654529300382,156.37794003583176,3.0948042814937367,377.71537457037135,589.8303200223944,0.0,25.622730262892013
23.580010702049616,105.03241410428296,151.8132371321797,2.6935136577142917,367.37422717888256,574.6572216459542,0.0,25.826055622397554
22.683639917749385,100.9699498769492,152.23455002388684,1.8118689618006485,357.5608097135829,559.7014255993777,0.0,25.266315379672996
22.98409917149605,104.25273421867844,152.47179137225805,5.439605538942942,347.3371204664713,544.792037384746,0.0,25.999324696034652
23.908992141106705,99.6158411305852,150.7844144951314,5.696039566498754,337.5051296154493,529.9709431747488,0.0,25.51138422718472
23.039726480009357,99.04530808751792,147.86374323177847,2.470310333265317,327.4666150983143,515.221452206418,0.0,24.723535346523995
23.403091149485537,98.23118905778242,150.3703122644199,4.6604394272127365,317.37005213737353,500.2767811465344,0.0,25.151909131117904
23.21528760429196,99.07396460982488,150.3813523010562,3.8267773187248935,307.7244195549364,485.1112616798084,0.0,25.120087656789394
24.986803836810708,101.81195998628024,147.50035561977708,5.374334875530828,297.62737888816883,469.7258982830706,0.0,25.46171564162371
22.188617361409097,105.59013171431543,153.86976567564727,1.3839831878597124,287.3429168139824,454.5820171377962,0.0,25.71539376540349
22.755816023599674,105.53692288118906,150.42626699291282,5.972636246964846,276.9207484164015,439.7055089885058,0.0,25.882661196762438
22.852500134370437,104.82992916107108,154.77654066316052,7.264414476445708,266.9234732912476,424.5907994933872,0.0,26.384447783423706
22.89560890040464,96.98072331650974,154.79463491661497,1.2769341264383058,257.33083317670884,409.3230555286471,0.0,25.02428823240553
23.899805582161616,101.74910646281978,152.49688854888558,4.853213541963541,247.6176802261036,394.0233984507144,0.0,25.728971096145205
23.331406119876096,106.19125389646584,152.64664635092896,3.383914395048784,237.2408666540052,378.6536190344131,0.0,25.949279966623838
21.776429200787263,102.64041683123882,156.27593583267242,4.760916435204443,227.03798771204217,363.5081046134733,0.0,25.905320692767994
23.77429092132571,106.28082810287827,152.05258468005,6.334783636927966,216.742386364817,348.62044368012647,0.0,26.230006405596704
22.32626514692382,100.34328955387214,149.60663499410148,-1.898822969097104,207.241267676792,333.8394097402292,800.0,24.754633665318405
23.15811000065411,98.72522345807796,153.94236816197275,198.2548345118128,197.3034935718144,318.8183194025667,780.5291903271947,45.079452268714505
22.4501199322919,102.33844044637684,156.0993422619503,201.20820205606103,187.488658471864,303.3214092713546,760.3009565491628,45.83651343622078
24.75897775539646,101.07699032124192,148.8487558446303,201.4563668844197,177.59200489281594,288.4058953265324,740.3270750223396,45.278292480518935
22.818778875680028,104.10421312514218,154.75653147777493,200.0548979885221,167.82099762336645,273.0078713144493,720.2911625310047,45.76886929182838
23.14424871514626,96.70556745127551,154.414823746175,204.0419744550801,157.77288030875974,257.86867168053686,700.0297232106922,45.436591058844755
23.48745490121772,96.06624749939564,153.0699849390641,197.151557466576,148.69373530760592,243.0699463028052,680.1758684590518,44.577990252330686
23.291900648643686,107.52294380401632,148.99517991584366,195.1700005207083,138.3531091377556,228.29646675887756,660.3752112864664,45.04035141219057
23.814463030228783,92.4750764796003,153.45628446562245,201.92414978679375,129.27215389766133,212.96424680677856,640.296637832678,44.75040962584522
22.462351879845347,106.55492467360224,161.41054425134445,202.87198426065945,118.90789057098594,197.5703950687411,620.0445072885184,46.82698321351724
22.5738219425433,99.6117350712332,156.50961482485448,197.61468031781664,109.13848924768432,182.29797770887376,600.1867714563253,45.13169430674368
22.236415976171667,100.3751451250374,151.89631622860935,201.90595441037604,99.5239881432536,167.58511319024345,580.2418772496586,45.11003738422457
22.91894058951937,103.66751012436832,155.3004596631833,205.26627135651628,89.562647357144,152.16975268960442,559.9062330271612,46.17487963721026
24.14165898551185,106.1816335852202,148.91711550829103,201.84275021784453,79.53137303590754,137.3212395591584,540.0065464469553,45.569299081616286
22.988972343965177,108.19134154148094,154.720710293698,202.16603356911503,69.18092201021648,122.29244320566065,519.7897710454648,46.21999679221588
22.573863054364807,107.4384256335888,153.92543765302074,196.20522640767345,58.55122656116357,107.3738872754173,499.9286819411234,45.402909390290304
23.271784691780567,103.80259370148936,155.70577282108255,198.8982987590809,48.83934533709562,92.18548540251936,480.1318193206093,45.567407027785016
23.032198746193544,106.70947349090918,155.74601566223438,202.46335072969964,38.74400021152926,77.1468496430508,459.8010402361844,46.161708376381114
22.872162625170827,101.2118644673604,153.3170534008958,192.6626309139085,29.071482547876336,61.9157663973327,440.5912354388768,44.369269824313754
23.06567926327379,100.79392394224196,155.79905229286695,199.48597411960333,19.31182185163111,46.776120188828685,420.7594067444176,45.265939486629826
23.065413166724003,107.52026700896366,152.87664053630286,200.31508971139067,9.373082635870762,32.0113240575928,400.9342022923216,45.689972712094296
23.717920929221965,2.901737409694526,151.68955739245345,206.2945375953645,0.0,17.053052710860598,380.60694975228415,36.07373926900881
23.51305876632773,1.293738211672185,152.76814207992834,202.71133172051051,0.0,2.080350914643951,360.5353465595359,35.63375480819273
23.35815054757332,1.70238871015696,4.514392080609525,198.6385331137805,0.0,0.0,340.85635234086635,20.307992792933025
23.404722437959197,2.317248840908846,5.73805316432896,199.6654450228197,0.0,0.0,321.0454329964165,20.590287008292574
22.773349086469768,2.1752258906475603,4.9307660981514445,198.58465021432767,0.0,0.0,301.20599321992427,20.300066922053915
23.51809105944783,2.137329792410874,0.2836953875090913,205.37862696170117,0.0,0.0,281.13256886326974,20.589503351404662
23.610767164659773,2.3790931435579665,0.4359048933729283,195.63168525315868,0.0,0.0,261.7290843156783,19.65922972207837
22.62026427296885,5.70227305698139,4.835167098025522,208.63257379291832,0.0,0.0,241.2848151806153,21.589077533367572
23.34299009661019,2.503185600476371,5.529727448487058,205.28606296747049,0.0,0.0,220.99814528571187,21.09555750735014
22.773667854322166,5.918892519297067,5.260217532301319,202.08893044828707,0.0,0.0,200.89276392772868,21.001463075396334
22.89821308494602,-1.627248716242029,6.727116830850733,201.96020635159897,800.0,0.0,180.9776108507442,21.03199447882203
23.560614709234983,101.9998491408255,6.630210930120413,199.9333242905764,789.8435144992436,0.0,161.14751213435426,30.94645891451387
22.65887903424884,97.71557714125426,4.255725313048494,201.5969998268364,780.0264965340637,0.0,141.02469426541853,30.328548900813857
23.95168759777378,97.45718435662006,3.558675034099018,201.58465021328183,769.9889992193583,0.0,121.24746582753474,30.37616459868751
24.748435107034865,103.85314825909244,2.244127504238527,205.46531410385256,759.761043603435,0.0,100.55556640323132,31.333599616467716
22.6974866308796,100.45098527157242,4.41013129415272,198.0792568237193,749.7093005946228,0.0,80.59006278574202,30.213185232854222
24.34844089618744,96.21127856548866,0.289662938264513,203.35578961370203,739.7621007767654,0.0,60.70507454703175,30.10144123796031
22.611936576739,101.69444149637376,5.756797827822233,198.68869031885305,729.687364576963,0.0,41.03573841132936,30.486476646411646
23.348940821783174,100.81090469979308,5.742899646840812,204.8191242916569,719.3884982609258,0.0,21.10759040617217,31.085369217786862
22.457462142458265,97.72213774494996,4.308745332560335,202.99741681704063,709.5543473647112,0.0,0.8927093457618085,30.331894371947406
23.333965582267297,105.42545318708105,0.702638037032699,5.8738546916181065,698.9933439403125,0.0,0.0,11.160152024767537
22.32512865448957,97.97349289564973,5.255697064918763,3.5253050715075744,689.3585780738177,0.0,0.0,10.528105523777375
23.217132878500184,104.66658427486176,2.9534831487897506,5.327648145250095,679.1291813954194,0.0,0.0,11.228737563264106
23.23218949295412,102.99298458344204,4.051362740280943,4.351621923231043,669.0419502482405,0.0,0.0,11.073532517482144
23.453378769120345,99.71873995969716,3.790871213763992,5.593087408663145,659.0797461448961,0.0,0.0,10.872974265802972
22.71833252875032,90.27058484379228,5.237584374459843,2.9900477754444594,649.8240169413793,0.0,0.0,9.743236021391548
24.17102151471184,104.44983540720833,0.9259476084859912,5.338393433778407,639.3092596104602,0.0,0.0,11.092233168493236
23.78728749366817,97.96550088284954,3.125476918298673,2.4468866804273333,629.5093575453286,0.0,0.0,10.340553424629302
22.725194332010226,95.53259543053616,4.056048726247568,4.270437449873718,619.8062985152989,0.0,0.0,10.24031132797433
23.629986298635668,94.11397802209645,4.291488184771595,4.673249911420768,610.0778978311555,0.0,0.0,10.271409173107145
23.64239122986744,97.72529397706882,0.0776169920579477,1.9753485602532024,600.4970734337587,0.0,0.0,9.922689877659359
24.053309285340287,104.8292491342665,2.444622775460644,3.39401179469413,589.9145158087438,0.0,0.0,11.035110310532213
23.12962208917989,105.43559998106392,4.613820964730664,1.8150820386315587,579.5485839020906,0.0,0.0,11.032088274974098
23.60781334828269,101.3810975923348,0.5720433442357944,1.2118123893412402,569.2678841481696,0.0,0.0,10.222706638190841
22.786556499917907,104.04513514049546,5.203862565010013,4.278560640317643,559.1234723090504,0.0,0.0,11.143643592606786
23.261213932141956,99.45427035768768,4.307622727723171,6.068237745313816,549.2536700308412,0.0,0.0,10.8374875581841
22.921398748609366,99.64071088141124,4.412042798613022,4.336432233698673,539.2208445894223,0.0,0.0,10.643362186172553
23.71880577200985,98.35751763471713,4.411017165274394,1.9621804857664744,529.2993093158653,0.0,0.0,10.37336575419864
22.823550586492143,105.37049239733096,1.2688583284065444,0.6450662457686818,519.11244227739,800.0,0.0,10.528130791469753
23.33486046681232,99.80511116050424,145.43220998365788,6.277597400892077,509.14046912246806,785.3572750854078,0.0,25.123761864723654
22.858694724721744,99.72654137122989,152.4962300417071,4.505155360364462,499.06950430836577,770.3115963890391,0.0,25.583027732204354
23.44841040218759,95.11171641821018,148.33586512945112,1.577851338130699,489.5689416582756,755.182529771323,0.0,24.48925407463038
23.13740263989621,100.80889398433968,149.00975662900993,6.691092599849625,479.78605715662064,740.0689695567834,0.0,25.573075059430767
22.41116054368364,101.90262457861049,156.1695928433992,6.135138020665565,469.54075765851815,724.9544230044119,0.0,26.24587615955578
23.230548211949685,103.47372515685431,149.26749607784515,5.121655613770884,459.310324661358,710.1267294910105,0.0,25.695387335030347
24.09199465279501,97.77262067441572,144.90188430606025,1.1687469107478563,449.4845684786193,695.5331242396492,0.0,24.406771490398338
22.967588487932705,103.34353939491832,152.0682211154486,1.600159080883131,439.42118087131865,680.3203097483123,0.0,25.563983886549437
23.524587445099183,100.46588995777896,151.50446034169664,1.8558409514228489,429.3003792447885,665.1782248151229,0.0,25.31394305476945
22.763547286512125,103.8192425511684,147.03702380317296,1.8032649612523957,419.4084458037857,650.429171837761,0.0,25.081259572898023
22.985052652033072,98.477608169921,145.8991133595589,2.566008546027959,409.7197959122649,635.6621690564098,0.0,24.543378237956226
22.801121162286705,109.48970095653344,154.38915494313252,4.594176482494149,399.3765443290626,620.569917773208,0.0,26.63812227165369
22.47578918277321,103.52198534659124,150.51736640941024,2.6499928731220166,389.43843769695286,605.6512739084601,0.0,25.425991355919418
23.40831968680952,104.70760164140592,149.4404212522029,6.111641770028115,379.175468643808,590.4517533025013,0.0,25.885025940996783
22.11711183007425,100.21304795941094,157.14651510040193,6.316834214597648,392.5081196380984,186.569564532213,0.0,26.074377268415105
22.133991232577863,105.8898703246675,160.40510448690682,4.398595047655078,382.4138029475489,171.22691304274431,0.0,26.755885958011707
